ObservationDate,Province/State,Country/Region,Confirmed,Deaths,Recovered
2020-03-16 00:00:00,New South Wales,Australia,49.0,2.0,5.0
2020-03-17 00:00:00,New South Wales,Australia,51.0,1.0,5.0
2020-03-18 00:00:00,New South Wales,Australia,54.0,2.0,5.0
2020-03-19 00:00:00,New South Wales,Australia,54.0,2.0,5.0
2020-03-20 00:00:00,New South Wales,Australia,58.0,2.0,5.0
2020-03-21 00:00:00,New South Wales,Australia,61.0,2.0,5.0
2020-03-22 00:00:00,New South Wales,Australia,66.0,2.0,5.0
2020-03-16 00:00:00,Victoria,Australia,20.0,0.0,8.0
2020-03-17 00:00:00,Victoria,Australia,20.0,0.0,8.0
2020-03-18 00:00:00,Victoria,Australia,21.0,0.0,8.0
2020-03-19 00:00:00,Victoria,Australia,21.0,0.0,9.0
2020-03-20 00:00:00,Victoria,Australia,23.0,0.0,9.0
2020-03-21 00:00:00,Victoria,Australia,26.0,0.0,9.0
2020-03-22 00:00:00,Victoria,Australia,27.0,0.0,9.0
2020-03-16 00:00:00,Queensland,Australia,21.0,0.0,7.0
2020-03-17 00:00:00,Queensland,Australia,22.0,0.0,7.0
2020-03-18 00:00:00,Queensland,Australia,22.0,0.0,7.0
2020-03-19 00:00:00,Queensland,Australia,24.0,0.0,8.0
2020-03-20 00:00:00,Queensland,Australia,26.0,0.0,8.0
2020-03-21 00:00:00,Queensland,Australia,29.0,0.0,8.0
2020-03-22 00:00:00,Queensland,Australia,31.0,0.0,8.0
2020-03-16 00:00:00,South Australia,Australia,9.0,0.0,3.0
2020-03-17 00:00:00,South Australia,Australia,9.0,0.0,3.0
2020-03-18 00:00:00,South Australia,Australia,10.0,0.0,3.0
2020-03-19 00:00:00,South Australia,Australia,10.0,0.0,3.0
2020-03-20 00:00:00,South Australia,Australia,11.0,0.0,3.0
2020-03-21 00:00:00,South Australia,Australia,12.0,0.0,3.0
2020-03-22 00:00:00,South Australia,Australia,12.0,0.0,3.0
0,0,0,0.0,0.0,0.0
0,0,0,0.0,0.0,0.0
0,0,0,0.0,0.0,0.0
0,0,0,0.0,0.0,0.0
0,0,0,0.0,0.0,0.0
0,0,0,0.0,0.0,0.0
0,0,0,0.0,0.0,0.0
2020-03-16 00:00:00,Western Australia,Australia,13.0,1.0,0.0
2020-03-17 00:00:00,Western Australia,Australia,14.0,1.0,0.0
2020-03-18 00:00:00,Western Australia,Australia,16.0,1.0,0.0
2020-03-19 00:00:00,Western Australia,Australia,16.0,1.0,0.0
2020-03-20 00:00:00,Western Australia,Australia,19.0,1.0,0.0
2020-03-21 00:00:00,Western Australia,Australia,21.0,1.0,0.0
2020-03-22 00:00:00,Western Australia,Australia,21.0,1.0,0.0
2020-03-16 00:00:00,Tasmania,Australia,5.0,0.0,0.0
2020-03-17 00:00:00,Tasmania,Australia,6.0,0.0,0.0
2020-03-18 00:00:00,Tasmania,Australia,6.0,0.0,0.0
2020-03-19 00:00:00,Tasmania,Australia,6.0,0.0,0.0
2020-03-20 00:00:00,Tasmania,Australia,7.0,0.0,0.0
2020-03-21 00:00:00,Tasmania,Australia,7.0,0.0,0.0
2020-03-22 00:00:00,Tasmania,Australia,8.0,0.0,0.0
2020-03-16 00:00:00,Northern Territory,Australia,1.0,0.0,0.0
2020-03-17 00:00:00,Northern Territory,Australia,1.0,0.0,0.0
2020-03-18 00:00:00,Northern Territory,Australia,1.0,0.0,0.0
2020-03-19 00:00:00,Northern Territory,Australia,1.0,0.0,0.0
2020-03-20 00:00:00,Northern Territory,Australia,1.0,0.0,0.0
2020-03-21 00:00:00,Northern Territory,Australia,1.0,0.0,0.0
2020-03-22 00:00:00,Northern Territory,Australia,1.0,0.0,0.0
2020-03-16 00:00:00,Diamond Princess cruise ship,Australia,0.0,0.0,0.0
2020-03-17 00:00:00,Diamond Princess cruise ship,Australia,0.0,0.0,0.0
2020-03-18 00:00:00,Diamond Princess cruise ship,Australia,0.0,0.0,0.0
2020-03-19 00:00:00,Diamond Princess cruise ship,Australia,0.0,0.0,0.0
2020-03-20 00:00:00,Diamond Princess cruise ship,Australia,0.0,0.0,0.0
2020-03-21 00:00:00,Diamond Princess cruise ship,Australia,0.0,0.0,0.0
2020-03-22 00:00:00,Diamond Princess cruise ship,Australia,0.0,0.0,0.0
2020-03-16 00:00:00,Australian Capital Territory,Australia,1.0,0.0,0.0
2020-03-17 00:00:00,Australian Capital Territory,Australia,1.0,0.0,0.0
2020-03-18 00:00:00,Australian Capital Territory,Australia,1.0,0.0,0.0
2020-03-19 00:00:00,Australian Capital Territory,Australia,1.0,0.0,0.0
2020-03-20 00:00:00,Australian Capital Territory,Australia,1.0,0.0,0.0
2020-03-21 00:00:00,Australian Capital Territory,Australia,1.0,0.0,0.0
2020-03-22 00:00:00,Australian Capital Territory,Australia,1.0,0.0,0.0
2020-03-16 00:00:00,Ontario,Canada,58.0,0.0,4.0
2020-03-17 00:00:00,Ontario,Canada,57.0,0.0,5.0
2020-03-18 00:00:00,Ontario,Canada,60.0,0.0,5.0
2020-03-19 00:00:00,Ontario,Canada,61.0,0.0,5.0
2020-03-20 00:00:00,Ontario,Canada,77.0,0.0,5.0
2020-03-21 00:00:00,Ontario,Canada,80.0,0.0,5.0
2020-03-22 00:00:00,Ontario,Canada,88.0,0.0,5.0
2020-03-16 00:00:00,British Columbia,Canada,32.0,1.0,4.0
2020-03-17 00:00:00,British Columbia,Canada,35.0,1.0,4.0
2020-03-18 00:00:00,British Columbia,Canada,36.0,1.0,4.0
2020-03-19 00:00:00,British Columbia,Canada,37.0,1.0,4.0
2020-03-20 00:00:00,British Columbia,Canada,41.0,1.0,4.0
2020-03-21 00:00:00,British Columbia,Canada,42.0,1.0,5.0
2020-03-22 00:00:00,British Columbia,Canada,44.0,1.0,5.0
2020-03-09 00:00:00,"London, ON",Canada,1.0,0.0,1.0
2020-03-10 00:00:00,"London, ON",Canada,1.0,0.0,1.0
2020-03-11 00:00:00,"London, ON",Canada,1.0,0.0,1.0
2020-03-12 00:00:00,"London, ON",Canada,1.0,0.0,1.0
2020-03-13 00:00:00,"London, ON",Canada,1.0,0.0,1.0
2020-03-14 00:00:00,"London, ON",Canada,1.0,0.0,1.0
2020-03-15 00:00:00,"London, ON",Canada,1.0,0.0,1.0
2020-03-09 00:00:00,"Toronto, ON",Canada,18.0,0.0,3.0
2020-03-10 00:00:00,"Toronto, ON",Canada,20.0,0.0,3.0
2020-03-11 00:00:00,"Toronto, ON",Canada,20.0,0.0,3.0
2020-03-12 00:00:00,"Toronto, ON",Canada,20.0,0.0,3.0
2020-03-13 00:00:00,"Toronto, ON",Canada,21.0,0.0,3.0
2020-03-14 00:00:00,"Toronto, ON",Canada,23.0,0.0,3.0
2020-03-15 00:00:00,"Toronto, ON",Canada,24.0,0.0,3.0
2020-03-09 00:00:00," Montreal, QC",Canada,3.0,0.0,0.0
2020-03-10 00:00:00," Montreal, QC",Canada,4.0,0.0,0.0
2020-03-11 00:00:00," Montreal, QC",Canada,4.0,0.0,0.0
2020-03-12 00:00:00," Montreal, QC",Canada,4.0,0.0,0.0
2020-03-13 00:00:00," Montreal, QC",Canada,5.0,0.0,0.0
2020-03-14 00:00:00," Montreal, QC",Canada,5.0,0.0,0.0
2020-03-15 00:00:00," Montreal, QC",Canada,5.0,0.0,0.0
2020-03-09 00:00:00,"Calgary, Alberta",Canada,1.0,0.0,0.0
2020-03-10 00:00:00,"Calgary, Alberta",Canada,1.0,0.0,0.0
2020-03-11 00:00:00,"Calgary, Alberta",Canada,1.0,0.0,0.0
2020-03-12 00:00:00,"Calgary, Alberta",Canada,1.0,0.0,0.0
2020-03-13 00:00:00,"Calgary, Alberta",Canada,1.0,0.0,0.0
2020-03-14 00:00:00,"Calgary, Alberta",Canada,1.0,0.0,0.0
2020-03-15 00:00:00,"Calgary, Alberta",Canada,1.0,0.0,0.0
2020-03-09 00:00:00,"Edmonton, Alberta",Canada,5.0,0.0,0.0
2020-03-10 00:00:00,"Edmonton, Alberta",Canada,7.0,0.0,0.0
2020-03-11 00:00:00,"Edmonton, Alberta",Canada,9.0,0.0,0.0
2020-03-12 00:00:00,"Edmonton, Alberta",Canada,11.0,0.0,0.0
2020-03-13 00:00:00,"Edmonton, Alberta",Canada,13.0,0.0,0.0
2020-03-14 00:00:00,"Edmonton, Alberta",Canada,15.0,0.0,0.0
2020-03-15 00:00:00,"Edmonton, Alberta",Canada,17.0,0.0,0.0
2020-03-16 00:00:00,Alberta,Canada,43.0,0.0,0.0
2020-03-17 00:00:00,Alberta,Canada,48.0,0.0,0.0
2020-03-18 00:00:00,Alberta,Canada,53.0,0.0,0.0
2020-03-19 00:00:00,Alberta,Canada,59.0,0.0,0.0
2020-03-20 00:00:00,Alberta,Canada,64.0,0.0,0.0
2020-03-21 00:00:00,Alberta,Canada,69.0,0.0,0.0
2020-03-22 00:00:00,Alberta,Canada,75.0,0.0,0.0
2020-03-16 00:00:00,Quebec,Canada,26.0,0.0,0.0
2020-03-17 00:00:00,Quebec,Canada,29.0,0.0,0.0
2020-03-18 00:00:00,Quebec,Canada,33.0,0.0,0.0
2020-03-19 00:00:00,Quebec,Canada,36.0,0.0,0.0
2020-03-20 00:00:00,Quebec,Canada,40.0,0.0,0.0
2020-03-21 00:00:00,Quebec,Canada,43.0,0.0,0.0
2020-03-22 00:00:00,Quebec,Canada,47.0,0.0,0.0
2020-03-16 00:00:00,New Brunswick,Canada,2.0,0.0,0.0
2020-03-17 00:00:00,New Brunswick,Canada,2.0,0.0,0.0
2020-03-18 00:00:00,New Brunswick,Canada,2.0,0.0,0.0
2020-03-19 00:00:00,New Brunswick,Canada,2.0,0.0,0.0
2020-03-20 00:00:00,New Brunswick,Canada,3.0,0.0,0.0
2020-03-21 00:00:00,New Brunswick,Canada,3.0,0.0,0.0
2020-03-22 00:00:00,New Brunswick,Canada,3.0,0.0,0.0
2020-03-16 00:00:00,Manitoba,Canada,4.0,0.0,0.0
2020-03-17 00:00:00,Manitoba,Canada,4.0,0.0,0.0
2020-03-18 00:00:00,Manitoba,Canada,4.0,0.0,0.0
2020-03-19 00:00:00,Manitoba,Canada,4.0,0.0,0.0
2020-03-20 00:00:00,Manitoba,Canada,4.0,0.0,0.0
2020-03-21 00:00:00,Manitoba,Canada,4.0,0.0,0.0
2020-03-22 00:00:00,Manitoba,Canada,4.0,0.0,0.0
2020-03-16 00:00:00,Saskatchewan,Canada,2.0,0.0,0.0
2020-03-17 00:00:00,Saskatchewan,Canada,2.0,0.0,0.0
2020-03-18 00:00:00,Saskatchewan,Canada,2.0,0.0,0.0
2020-03-19 00:00:00,Saskatchewan,Canada,2.0,0.0,0.0
2020-03-20 00:00:00,Saskatchewan,Canada,2.0,0.0,0.0
2020-03-21 00:00:00,Saskatchewan,Canada,2.0,0.0,0.0
2020-03-22 00:00:00,Saskatchewan,Canada,2.0,0.0,0.0
2020-03-16 00:00:00,Denmark,Denmark,1027.0,2.0,1.0
2020-03-17 00:00:00,Denmark,Denmark,1132.0,3.0,1.0
2020-03-18 00:00:00,Denmark,Denmark,1238.0,3.0,1.0
2020-03-19 00:00:00,Denmark,Denmark,1343.0,4.0,1.0
2020-03-20 00:00:00,Denmark,Denmark,1449.0,4.0,1.0
2020-03-21 00:00:00,Denmark,Denmark,1555.0,5.0,1.0
2020-03-22 00:00:00,Denmark,Denmark,1660.0,5.0,1.0
2020-03-16 00:00:00,Faroe Islands,Denmark,13.0,0.0,0.0
2020-03-17 00:00:00,Faroe Islands,Denmark,15.0,0.0,0.0
2020-03-18 00:00:00,Faroe Islands,Denmark,18.0,0.0,0.0
2020-03-19 00:00:00,Faroe Islands,Denmark,20.0,0.0,0.0
2020-03-20 00:00:00,Faroe Islands,Denmark,23.0,0.0,0.0
2020-03-21 00:00:00,Faroe Islands,Denmark,25.0,0.0,0.0
2020-03-22 00:00:00,Faroe Islands,Denmark,28.0,0.0,0.0
2020-03-16 00:00:00,France,France,5431.0,110.0,12.0
2020-03-17 00:00:00,France,France,6096.0,123.0,12.0
2020-03-18 00:00:00,France,France,6760.0,136.0,12.0
2020-03-19 00:00:00,France,France,7425.0,149.0,12.0
2020-03-20 00:00:00,France,France,8089.0,162.0,12.0
2020-03-21 00:00:00,France,France,8754.0,175.0,12.0
2020-03-22 00:00:00,France,France,9418.0,187.0,12.0
2020-03-16 00:00:00,Saint Barthelemy,France,1.0,0.0,0.0
2020-03-17 00:00:00,Saint Barthelemy,France,1.0,0.0,0.0
2020-03-18 00:00:00,Saint Barthelemy,France,1.0,0.0,0.0
2020-03-19 00:00:00,Saint Barthelemy,France,1.0,0.0,0.0
2020-03-20 00:00:00,Saint Barthelemy,France,1.0,0.0,0.0
2020-03-21 00:00:00,Saint Barthelemy,France,1.0,0.0,0.0
2020-03-22 00:00:00,Saint Barthelemy,France,1.0,0.0,0.0
2020-03-16 00:00:00,St Martin,France,2.0,0.0,0.0
2020-03-17 00:00:00,St Martin,France,2.0,0.0,0.0
2020-03-18 00:00:00,St Martin,France,2.0,0.0,0.0
2020-03-19 00:00:00,St Martin,France,2.0,0.0,0.0
2020-03-20 00:00:00,St Martin,France,2.0,0.0,0.0
2020-03-21 00:00:00,St Martin,France,2.0,0.0,0.0
2020-03-22 00:00:00,St Martin,France,2.0,0.0,0.0
2020-03-16 00:00:00,French Polynesia,France,3.0,0.0,0.0
2020-03-17 00:00:00,French Polynesia,France,3.0,0.0,0.0
2020-03-18 00:00:00,French Polynesia,France,3.0,0.0,0.0
2020-03-19 00:00:00,French Polynesia,France,3.0,0.0,0.0
2020-03-20 00:00:00,French Polynesia,France,3.0,0.0,0.0
2020-03-21 00:00:00,French Polynesia,France,3.0,0.0,0.0
2020-03-22 00:00:00,French Polynesia,France,3.0,0.0,0.0
2020-03-16 00:00:00,Hong Kong,Hong Kong,140.0,3.0,84.0
2020-03-17 00:00:00,Hong Kong,Hong Kong,144.0,3.0,87.0
2020-03-18 00:00:00,Hong Kong,Hong Kong,148.0,4.0,91.0
2020-03-19 00:00:00,Hong Kong,Hong Kong,150.0,4.0,94.0
2020-03-20 00:00:00,Hong Kong,Hong Kong,152.0,4.0,98.0
2020-03-21 00:00:00,Hong Kong,Hong Kong,154.0,4.0,101.0
2020-03-22 00:00:00,Hong Kong,Hong Kong,158.0,4.0,105.0
2020-03-16 00:00:00,Macau,Macau,12.0,0.0,11.0
2020-03-17 00:00:00,Macau,Macau,12.0,0.0,12.0
2020-03-18 00:00:00,Macau,Macau,12.0,0.0,12.0
2020-03-19 00:00:00,Macau,Macau,12.0,0.0,13.0
2020-03-20 00:00:00,Macau,Macau,12.0,0.0,13.0
2020-03-21 00:00:00,Macau,Macau,12.0,0.0,13.0
2020-03-22 00:00:00,Macau,Macau,12.0,0.0,13.0
2020-03-16 00:00:00,Anhui,Mainland China,996.0,8.0,1142.0
2020-03-17 00:00:00,Anhui,Mainland China,998.0,8.0,1168.0
2020-03-18 00:00:00,Anhui,Mainland China,1010.0,8.0,1213.0
2020-03-19 00:00:00,Anhui,Mainland China,1005.0,9.0,1236.0
2020-03-20 00:00:00,Anhui,Mainland China,1001.0,9.0,1256.0
2020-03-21 00:00:00,Anhui,Mainland China,1000.0,9.0,1276.0
2020-03-22 00:00:00,Anhui,Mainland China,998.0,9.0,1290.0
2020-03-16 00:00:00,Beijing,Mainland China,442.0,9.0,353.0
2020-03-17 00:00:00,Beijing,Mainland China,442.0,9.0,360.0
2020-03-18 00:00:00,Beijing,Mainland China,447.0,9.0,367.0
2020-03-19 00:00:00,Beijing,Mainland China,448.0,9.0,372.0
2020-03-20 00:00:00,Beijing,Mainland China,450.0,10.0,377.0
2020-03-21 00:00:00,Beijing,Mainland China,452.0,10.0,383.0
2020-03-22 00:00:00,Beijing,Mainland China,456.0,10.0,386.0
2020-03-16 00:00:00,Chongqing,Mainland China,580.0,7.0,585.0
2020-03-17 00:00:00,Chongqing,Mainland China,579.0,7.0,593.0
2020-03-18 00:00:00,Chongqing,Mainland China,581.0,7.0,599.0
2020-03-19 00:00:00,Chongqing,Mainland China,579.0,7.0,607.0
2020-03-20 00:00:00,Chongqing,Mainland China,577.0,7.0,613.0
2020-03-21 00:00:00,Chongqing,Mainland China,576.0,7.0,621.0
2020-03-22 00:00:00,Chongqing,Mainland China,579.0,7.0,625.0
2020-03-16 00:00:00,Fujian,Mainland China,382.0,1.0,349.0
2020-03-17 00:00:00,Fujian,Mainland China,389.0,1.0,354.0
2020-03-18 00:00:00,Fujian,Mainland China,379.0,1.0,369.0
2020-03-19 00:00:00,Fujian,Mainland China,384.0,1.0,375.0
2020-03-20 00:00:00,Fujian,Mainland China,388.0,1.0,383.0
2020-03-21 00:00:00,Fujian,Mainland China,394.0,1.0,390.0
2020-03-22 00:00:00,Fujian,Mainland China,400.0,1.0,396.0
2020-03-16 00:00:00,Gansu,Mainland China,127.0,3.0,111.0
2020-03-17 00:00:00,Gansu,Mainland China,128.0,3.0,113.0
2020-03-18 00:00:00,Gansu,Mainland China,129.0,3.0,116.0
2020-03-19 00:00:00,Gansu,Mainland China,131.0,3.0,118.0
2020-03-20 00:00:00,Gansu,Mainland China,133.0,3.0,119.0
2020-03-21 00:00:00,Gansu,Mainland China,135.0,3.0,121.0
2020-03-22 00:00:00,Gansu,Mainland China,138.0,3.0,123.0
2020-03-16 00:00:00,Guangdong,Mainland China,1752.0,9.0,1359.0
2020-03-17 00:00:00,Guangdong,Mainland China,1777.0,9.0,1376.0
2020-03-18 00:00:00,Guangdong,Mainland China,1757.0,10.0,1393.0
2020-03-19 00:00:00,Guangdong,Mainland China,1779.0,10.0,1412.0
2020-03-20 00:00:00,Guangdong,Mainland China,1803.0,10.0,1432.0
2020-03-21 00:00:00,Guangdong,Mainland China,1831.0,10.0,1449.0
2020-03-22 00:00:00,Guangdong,Mainland China,1855.0,10.0,1462.0
2020-03-16 00:00:00,Guangxi,Mainland China,325.0,3.0,252.0
2020-03-17 00:00:00,Guangxi,Mainland China,329.0,3.0,260.0
2020-03-18 00:00:00,Guangxi,Mainland China,324.0,3.0,265.0
2020-03-19 00:00:00,Guangxi,Mainland China,329.0,3.0,268.0
2020-03-20 00:00:00,Guangxi,Mainland China,333.0,3.0,270.0
2020-03-21 00:00:00,Guangxi,Mainland China,338.0,3.0,272.0
2020-03-22 00:00:00,Guangxi,Mainland China,343.0,3.0,274.0
2020-03-16 00:00:00,Guizhou,Mainland China,194.0,3.0,151.0
2020-03-17 00:00:00,Guizhou,Mainland China,198.0,3.0,154.0
2020-03-18 00:00:00,Guizhou,Mainland China,197.0,3.0,160.0
2020-03-19 00:00:00,Guizhou,Mainland China,199.0,3.0,162.0
2020-03-20 00:00:00,Guizhou,Mainland China,203.0,3.0,164.0
2020-03-21 00:00:00,Guizhou,Mainland China,204.0,3.0,168.0
2020-03-22 00:00:00,Guizhou,Mainland China,207.0,3.0,170.0
2020-03-16 00:00:00,Hainan,Mainland China,217.0,7.0,187.0
2020-03-17 00:00:00,Hainan,Mainland China,220.0,7.0,192.0
2020-03-18 00:00:00,Hainan,Mainland China,220.0,7.0,199.0
2020-03-19 00:00:00,Hainan,Mainland China,221.0,7.0,200.0
2020-03-20 00:00:00,Hainan,Mainland China,224.0,7.0,204.0
2020-03-21 00:00:00,Hainan,Mainland China,228.0,7.0,207.0
2020-03-22 00:00:00,Hainan,Mainland China,229.0,7.0,210.0
2020-03-16 00:00:00,Hebei,Mainland China,317.0,7.0,366.0
2020-03-17 00:00:00,Hebei,Mainland China,318.0,8.0,372.0
2020-03-18 00:00:00,Hebei,Mainland China,318.0,8.0,386.0
2020-03-19 00:00:00,Hebei,Mainland China,319.0,8.0,392.0
2020-03-20 00:00:00,Hebei,Mainland China,319.0,8.0,399.0
2020-03-21 00:00:00,Hebei,Mainland China,319.0,8.0,405.0
2020-03-22 00:00:00,Hebei,Mainland China,318.0,8.0,409.0
2020-03-16 00:00:00,Heilongjiang,Mainland China,635.0,17.0,475.0
2020-03-17 00:00:00,Heilongjiang,Mainland China,647.0,17.0,481.0
2020-03-18 00:00:00,Heilongjiang,Mainland China,648.0,17.0,485.0
2020-03-19 00:00:00,Heilongjiang,Mainland China,657.0,18.0,491.0
2020-03-20 00:00:00,Heilongjiang,Mainland China,668.0,18.0,502.0
2020-03-21 00:00:00,Heilongjiang,Mainland China,675.0,18.0,511.0
2020-03-22 00:00:00,Heilongjiang,Mainland China,681.0,18.0,521.0
2020-03-16 00:00:00,Henan,Mainland China,1666.0,28.0,1486.0
2020-03-17 00:00:00,Henan,Mainland China,1693.0,28.0,1506.0
2020-03-18 00:00:00,Henan,Mainland China,1675.0,29.0,1559.0
2020-03-19 00:00:00,Henan,Mainland China,1700.0,29.0,1580.0
2020-03-20 00:00:00,Henan,Mainland China,1720.0,29.0,1610.0
2020-03-21 00:00:00,Henan,Mainland China,1743.0,30.0,1637.0
2020-03-22 00:00:00,Henan,Mainland China,1768.0,30.0,1657.0
2020-03-16 00:00:00,Hubei,Mainland China,72147.0,3148.0,56047.0
2020-03-17 00:00:00,Hubei,Mainland China,72379.0,3169.0,57504.0
2020-03-18 00:00:00,Hubei,Mainland China,73253.0,3171.0,58758.0
2020-03-19 00:00:00,Hubei,Mainland China,74512.0,3204.0,60264.0
2020-03-20 00:00:00,Hubei,Mainland China,74871.0,3217.0,61627.0
2020-03-21 00:00:00,Hubei,Mainland China,74824.0,3256.0,63289.0
2020-03-22 00:00:00,Hubei,Mainland China,75019.0,3267.0,64560.0
2020-03-16 00:00:00,Hunan,Mainland China,1324.0,5.0,1163.0
2020-03-17 00:00:00,Hunan,Mainland China,1345.0,5.0,1184.0
2020-03-18 00:00:00,Hunan,Mainland China,1332.0,6.0,1226.0
2020-03-19 00:00:00,Hunan,Mainland China,1349.0,6.0,1249.0
2020-03-20 00:00:00,Hunan,Mainland China,1368.0,6.0,1266.0
2020-03-21 00:00:00,Hunan,Mainland China,1384.0,6.0,1287.0
2020-03-22 00:00:00,Hunan,Mainland China,1401.0,6.0,1303.0
2020-03-16 00:00:00,Inner Mongolia,Mainland China,76.0,1.0,85.0
2020-03-17 00:00:00,Inner Mongolia,Mainland China,75.0,1.0,87.0
2020-03-18 00:00:00,Inner Mongolia,Mainland China,76.0,1.0,90.0
2020-03-19 00:00:00,Inner Mongolia,Mainland China,75.0,1.0,93.0
2020-03-20 00:00:00,Inner Mongolia,Mainland China,75.0,1.0,94.0
2020-03-21 00:00:00,Inner Mongolia,Mainland China,75.0,1.0,97.0
2020-03-22 00:00:00,Inner Mongolia,Mainland China,75.0,1.0,99.0
2020-03-16 00:00:00,Jiangsu,Mainland China,828.0,0.0,737.0
2020-03-17 00:00:00,Jiangsu,Mainland China,841.0,0.0,748.0
2020-03-18 00:00:00,Jiangsu,Mainland China,835.0,0.0,778.0
2020-03-19 00:00:00,Jiangsu,Mainland China,847.0,0.0,791.0
2020-03-20 00:00:00,Jiangsu,Mainland China,860.0,0.0,802.0
2020-03-21 00:00:00,Jiangsu,Mainland China,870.0,0.0,815.0
2020-03-22 00:00:00,Jiangsu,Mainland China,882.0,0.0,827.0
2020-03-16 00:00:00,Jiangxi,Mainland China,1229.0,1.0,1095.0
2020-03-17 00:00:00,Jiangxi,Mainland China,1252.0,1.0,1115.0
2020-03-18 00:00:00,Jiangxi,Mainland China,1239.0,1.0,1157.0
2020-03-19 00:00:00,Jiangxi,Mainland China,1257.0,1.0,1179.0
2020-03-20 00:00:00,Jiangxi,Mainland China,1279.0,1.0,1197.0
2020-03-21 00:00:00,Jiangxi,Mainland China,1291.0,1.0,1215.0
2020-03-22 00:00:00,Jiangxi,Mainland China,1306.0,1.0,1234.0
2020-03-16 00:00:00,Jilin,Mainland China,123.0,1.0,109.0
2020-03-17 00:00:00,Jilin,Mainland China,125.0,1.0,110.0
2020-03-18 00:00:00,Jilin,Mainland China,124.0,1.0,114.0
2020-03-19 00:00:00,Jilin,Mainland China,126.0,1.0,116.0
2020-03-20 00:00:00,Jilin,Mainland China,127.0,1.0,118.0
2020-03-21 00:00:00,Jilin,Mainland China,128.0,1.0,119.0
2020-03-22 00:00:00,Jilin,Mainland China,130.0,1.0,122.0
2020-03-16 00:00:00,Liaoning,Mainland China,126.0,1.0,131.0
2020-03-17 00:00:00,Liaoning,Mainland China,127.0,1.0,135.0
2020-03-18 00:00:00,Liaoning,Mainland China,128.0,1.0,139.0
2020-03-19 00:00:00,Liaoning,Mainland China,126.0,1.0,141.0
2020-03-20 00:00:00,Liaoning,Mainland China,126.0,1.0,143.0
2020-03-21 00:00:00,Liaoning,Mainland China,128.0,1.0,144.0
2020-03-22 00:00:00,Liaoning,Mainland China,128.0,1.0,148.0
2020-03-16 00:00:00,Ningxia,Mainland China,76.0,0.0,87.0
2020-03-17 00:00:00,Ningxia,Mainland China,76.0,0.0,90.0
2020-03-18 00:00:00,Ningxia,Mainland China,77.0,0.0,92.0
2020-03-19 00:00:00,Ningxia,Mainland China,78.0,0.0,93.0
2020-03-20 00:00:00,Ningxia,Mainland China,78.0,0.0,94.0
2020-03-21 00:00:00,Ningxia,Mainland China,78.0,0.0,97.0
2020-03-22 00:00:00,Ningxia,Mainland China,77.0,0.0,97.0
2020-03-16 00:00:00,Qinghai,Mainland China,23.0,0.0,23.0
2020-03-17 00:00:00,Qinghai,Mainland China,24.0,0.0,24.0
2020-03-18 00:00:00,Qinghai,Mainland China,23.0,0.0,25.0
2020-03-19 00:00:00,Qinghai,Mainland China,23.0,0.0,25.0
2020-03-20 00:00:00,Qinghai,Mainland China,23.0,0.0,26.0
2020-03-21 00:00:00,Qinghai,Mainland China,23.0,0.0,26.0
2020-03-22 00:00:00,Qinghai,Mainland China,24.0,0.0,26.0
2020-03-16 00:00:00,Shaanxi,Mainland China,318.0,1.0,269.0
2020-03-17 00:00:00,Shaanxi,Mainland China,323.0,1.0,273.0
2020-03-18 00:00:00,Shaanxi,Mainland China,319.0,1.0,285.0
2020-03-19 00:00:00,Shaanxi,Mainland China,322.0,2.0,289.0
2020-03-20 00:00:00,Shaanxi,Mainland China,327.0,2.0,293.0
2020-03-21 00:00:00,Shaanxi,Mainland China,331.0,2.0,297.0
2020-03-22 00:00:00,Shaanxi,Mainland China,336.0,2.0,301.0
2020-03-16 00:00:00,Shandong,Mainland China,777.0,7.0,819.0
2020-03-17 00:00:00,Shandong,Mainland China,772.0,8.0,845.0
2020-03-18 00:00:00,Shandong,Mainland China,774.0,8.0,863.0
2020-03-19 00:00:00,Shandong,Mainland China,772.0,8.0,887.0
2020-03-20 00:00:00,Shandong,Mainland China,795.0,8.0,911.0
2020-03-21 00:00:00,Shandong,Mainland China,791.0,8.0,929.0
2020-03-22 00:00:00,Shandong,Mainland China,788.0,8.0,948.0
2020-03-16 00:00:00,Shanghai,Mainland China,437.0,4.0,381.0
2020-03-17 00:00:00,Shanghai,Mainland China,442.0,4.0,386.0
2020-03-18 00:00:00,Shanghai,Mainland China,437.0,4.0,398.0
2020-03-19 00:00:00,Shanghai,Mainland China,443.0,4.0,403.0
2020-03-20 00:00:00,Shanghai,Mainland China,450.0,4.0,410.0
2020-03-21 00:00:00,Shanghai,Mainland China,459.0,4.0,420.0
2020-03-22 00:00:00,Shanghai,Mainland China,462.0,4.0,425.0
2020-03-16 00:00:00,Shanxi,Mainland China,173.0,0.0,153.0
2020-03-17 00:00:00,Shanxi,Mainland China,177.0,0.0,157.0
2020-03-18 00:00:00,Shanxi,Mainland China,173.0,0.0,162.0
2020-03-19 00:00:00,Shanxi,Mainland China,176.0,0.0,165.0
2020-03-20 00:00:00,Shanxi,Mainland China,177.0,0.0,167.0
2020-03-21 00:00:00,Shanxi,Mainland China,180.0,0.0,169.0
2020-03-22 00:00:00,Shanxi,Mainland China,184.0,0.0,172.0
2020-03-16 00:00:00,Sichuan,Mainland China,539.0,4.0,536.0
2020-03-17 00:00:00,Sichuan,Mainland China,540.0,4.0,543.0
2020-03-18 00:00:00,Sichuan,Mainland China,539.0,4.0,554.0
2020-03-19 00:00:00,Sichuan,Mainland China,539.0,4.0,566.0
2020-03-20 00:00:00,Sichuan,Mainland China,541.0,4.0,576.0
2020-03-21 00:00:00,Sichuan,Mainland China,540.0,4.0,586.0
2020-03-22 00:00:00,Sichuan,Mainland China,539.0,4.0,595.0
2020-03-16 00:00:00,Tianjin,Mainland China,137.0,4.0,157.0
2020-03-17 00:00:00,Tianjin,Mainland China,137.0,4.0,161.0
2020-03-18 00:00:00,Tianjin,Mainland China,137.0,4.0,165.0
2020-03-19 00:00:00,Tianjin,Mainland China,138.0,4.0,169.0
2020-03-20 00:00:00,Tianjin,Mainland China,136.0,4.0,171.0
2020-03-21 00:00:00,Tianjin,Mainland China,136.0,4.0,174.0
2020-03-22 00:00:00,Tianjin,Mainland China,136.0,4.0,178.0
2020-03-16 00:00:00,Tibet,Mainland China,1.0,0.0,1.0
2020-03-17 00:00:00,Tibet,Mainland China,1.0,0.0,1.0
2020-03-18 00:00:00,Tibet,Mainland China,1.0,0.0,1.0
2020-03-19 00:00:00,Tibet,Mainland China,1.0,0.0,1.0
2020-03-20 00:00:00,Tibet,Mainland China,1.0,0.0,1.0
2020-03-21 00:00:00,Tibet,Mainland China,1.0,0.0,1.0
2020-03-22 00:00:00,Tibet,Mainland China,1.0,0.0,1.0
2020-03-16 00:00:00,Xinjiang,Mainland China,76.0,3.0,76.0
2020-03-17 00:00:00,Xinjiang,Mainland China,77.0,3.0,77.0
2020-03-18 00:00:00,Xinjiang,Mainland China,77.0,4.0,82.0
2020-03-19 00:00:00,Xinjiang,Mainland China,76.0,4.0,83.0
2020-03-20 00:00:00,Xinjiang,Mainland China,76.0,4.0,85.0
2020-03-21 00:00:00,Xinjiang,Mainland China,76.0,4.0,87.0
2020-03-22 00:00:00,Xinjiang,Mainland China,76.0,4.0,88.0
2020-03-16 00:00:00,Yunnan,Mainland China,223.0,2.0,199.0
2020-03-17 00:00:00,Yunnan,Mainland China,227.0,2.0,202.0
2020-03-18 00:00:00,Yunnan,Mainland China,222.0,3.0,211.0
2020-03-19 00:00:00,Yunnan,Mainland China,225.0,3.0,214.0
2020-03-20 00:00:00,Yunnan,Mainland China,228.0,3.0,219.0
2020-03-21 00:00:00,Yunnan,Mainland China,231.0,3.0,222.0
2020-03-22 00:00:00,Yunnan,Mainland China,234.0,3.0,224.0
2020-03-16 00:00:00,Zhejiang,Mainland China,1554.0,1.0,1230.0
2020-03-17 00:00:00,Zhejiang,Mainland China,1580.0,1.0,1235.0
2020-03-18 00:00:00,Zhejiang,Mainland China,1557.0,1.0,1252.0
2020-03-19 00:00:00,Zhejiang,Mainland China,1585.0,1.0,1262.0
2020-03-20 00:00:00,Zhejiang,Mainland China,1612.0,1.0,1273.0
2020-03-21 00:00:00,Zhejiang,Mainland China,1630.0,1.0,1282.0
2020-03-22 00:00:00,Zhejiang,Mainland China,1647.0,1.0,1285.0
2020-02-09 00:00:00,Cruise Ship,Others,61.0,0.0,0.0
2020-02-10 00:00:00,Cruise Ship,Others,61.0,0.0,0.0
2020-02-11 00:00:00,Cruise Ship,Others,61.0,0.0,0.0
2020-02-12 00:00:00,Cruise Ship,Others,61.0,0.0,0.0
2020-02-13 00:00:00,Cruise Ship,Others,61.0,0.0,0.0
2020-02-14 00:00:00,Cruise Ship,Others,61.0,0.0,0.0
2020-02-15 00:00:00,Cruise Ship,Others,61.0,0.0,0.0
2020-03-16 00:00:00,Diamond Princess cruise ship,Others,880.0,8.0,155.0
2020-03-17 00:00:00,Diamond Princess cruise ship,Others,898.0,8.0,155.0
2020-03-18 00:00:00,Diamond Princess cruise ship,Others,925.0,9.0,214.0
2020-03-19 00:00:00,Diamond Princess cruise ship,Others,927.0,9.0,214.0
2020-03-20 00:00:00,Diamond Princess cruise ship,Others,934.0,10.0,220.0
2020-03-21 00:00:00,Diamond Princess cruise ship,Others,947.0,10.0,220.0
2020-03-22 00:00:00,Diamond Princess cruise ship,Others,936.0,10.0,232.0
2020-03-16 00:00:00,Channel Islands,UK,3.0,0.0,0.0
2020-03-17 00:00:00,Channel Islands,UK,3.0,0.0,0.0
2020-03-18 00:00:00,Channel Islands,UK,3.0,0.0,0.0
2020-03-19 00:00:00,Channel Islands,UK,3.0,0.0,0.0
2020-03-20 00:00:00,Channel Islands,UK,4.0,0.0,0.0
2020-03-21 00:00:00,Channel Islands,UK,4.0,0.0,0.0
2020-03-22 00:00:00,Channel Islands,UK,4.0,0.0,0.0
2020-03-16 00:00:00,Gibraltar,UK,1.0,0.0,1.0
2020-03-17 00:00:00,Gibraltar,UK,1.0,0.0,1.0
2020-03-18 00:00:00,Gibraltar,UK,1.0,0.0,1.0
2020-03-19 00:00:00,Gibraltar,UK,1.0,0.0,1.0
2020-03-20 00:00:00,Gibraltar,UK,1.0,0.0,1.0
2020-03-21 00:00:00,Gibraltar,UK,1.0,0.0,1.0
2020-03-22 00:00:00,Gibraltar,UK,1.0,0.0,1.0
2020-03-13 00:00:00,UK,UK,456.0,8.0,18.0
2020-03-14 00:00:00,UK,UK,456.0,8.0,18.0
2020-03-15 00:00:00,UK,UK,456.0,8.0,18.0
2020-03-16 00:00:00,UK,UK,456.0,8.0,18.0
2020-03-17 00:00:00,UK,UK,456.0,8.0,18.0
2020-03-18 00:00:00,UK,UK,456.0,8.0,18.0
2020-03-19 00:00:00,UK,UK,456.0,8.0,18.0
2020-03-16 00:00:00,United Kingdom,UK,1368.0,30.0,18.0
2020-03-17 00:00:00,United Kingdom,UK,1539.0,36.0,18.0
2020-03-18 00:00:00,United Kingdom,UK,1710.0,43.0,18.0
2020-03-19 00:00:00,United Kingdom,UK,1881.0,49.0,18.0
2020-03-20 00:00:00,United Kingdom,UK,2052.0,56.0,18.0
2020-03-21 00:00:00,United Kingdom,UK,2223.0,62.0,18.0
2020-03-22 00:00:00,United Kingdom,UK,2394.0,69.0,18.0
2020-03-16 00:00:00,Washington,US,504.0,35.0,1.0
2020-03-17 00:00:00,Washington,US,421.0,31.0,1.0
2020-03-18 00:00:00,Washington,US,506.0,36.0,1.0
2020-03-19 00:00:00,Washington,US,531.0,37.0,1.0
2020-03-20 00:00:00,Washington,US,573.0,39.0,1.0
2020-03-21 00:00:00,Washington,US,610.0,41.0,1.0
2020-03-22 00:00:00,Washington,US,645.0,42.0,1.0
2020-03-16 00:00:00,Illinois,US,51.0,0.0,2.0
2020-03-17 00:00:00,Illinois,US,35.0,0.0,2.0
2020-03-18 00:00:00,Illinois,US,42.0,0.0,2.0
2020-03-19 00:00:00,Illinois,US,45.0,0.0,2.0
2020-03-20 00:00:00,Illinois,US,53.0,0.0,2.0
2020-03-21 00:00:00,Illinois,US,65.0,0.0,2.0
2020-03-22 00:00:00,Illinois,US,79.0,0.0,2.0
2020-03-16 00:00:00,Arizona,US,10.0,0.0,1.0
2020-03-17 00:00:00,Arizona,US,9.0,0.0,1.0
2020-03-18 00:00:00,Arizona,US,10.0,0.0,1.0
2020-03-19 00:00:00,Arizona,US,10.0,0.0,1.0
2020-03-20 00:00:00,Arizona,US,10.0,0.0,1.0
2020-03-21 00:00:00,Arizona,US,13.0,0.0,1.0
2020-03-22 00:00:00,Arizona,US,13.0,0.0,1.0
2020-03-16 00:00:00,California,US,286.0,4.0,5.0
2020-03-17 00:00:00,California,US,235.0,3.0,4.0
2020-03-18 00:00:00,California,US,252.0,4.0,4.0
2020-03-19 00:00:00,California,US,274.0,4.0,6.0
2020-03-20 00:00:00,California,US,304.0,4.0,6.0
2020-03-21 00:00:00,California,US,380.0,6.0,7.0
2020-03-22 00:00:00,California,US,397.0,6.0,6.0
2020-03-06 00:00:00,"Boston, MA",US,1.0,0.0,1.0
2020-03-07 00:00:00,"Boston, MA",US,1.0,0.0,1.0
2020-03-08 00:00:00,"Boston, MA",US,1.0,0.0,1.0
2020-03-09 00:00:00,"Boston, MA",US,1.0,0.0,1.0
2020-03-10 00:00:00,"Boston, MA",US,1.0,0.0,1.0
2020-03-11 00:00:00,"Boston, MA",US,1.0,0.0,1.0
2020-03-12 00:00:00,"Boston, MA",US,1.0,0.0,1.0
2020-03-02 00:00:00,"Chicago, IL",US,2.0,0.0,3.0
2020-03-03 00:00:00,"Chicago, IL",US,2.0,0.0,3.0
2020-03-04 00:00:00,"Chicago, IL",US,2.0,0.0,3.0
2020-03-05 00:00:00,"Chicago, IL",US,2.0,0.0,3.0
2020-03-06 00:00:00,"Chicago, IL",US,2.0,0.0,3.0
2020-03-07 00:00:00,"Chicago, IL",US,2.0,0.0,3.0
2020-03-08 00:00:00,"Chicago, IL",US,2.0,0.0,3.0
2020-03-10 00:00:00,"Los Angeles, CA",US,6.0,0.0,0.0
2020-03-11 00:00:00,"Los Angeles, CA",US,7.0,0.0,0.0
2020-03-12 00:00:00,"Los Angeles, CA",US,8.0,0.0,0.0
2020-03-13 00:00:00,"Los Angeles, CA",US,8.0,0.0,0.0
2020-03-14 00:00:00,"Los Angeles, CA",US,9.0,0.0,0.0
2020-03-15 00:00:00,"Los Angeles, CA",US,9.0,0.0,0.0
2020-03-16 00:00:00,"Los Angeles, CA",US,9.0,0.0,0.0
2020-03-04 00:00:00,"Orange, CA",US,1.0,0.0,0.0
2020-03-05 00:00:00,"Orange, CA",US,1.0,0.0,0.0
2020-03-06 00:00:00,"Orange, CA",US,1.0,0.0,0.0
2020-03-07 00:00:00,"Orange, CA",US,1.0,0.0,0.0
2020-03-08 00:00:00,"Orange, CA",US,1.0,0.0,0.0
2020-03-09 00:00:00,"Orange, CA",US,1.0,0.0,0.0
2020-03-10 00:00:00,"Orange, CA",US,1.0,0.0,0.0
2020-03-07 00:00:00,"Santa Clara, CA",US,8.0,0.0,1.0
2020-03-08 00:00:00,"Santa Clara, CA",US,8.0,0.0,1.0
2020-03-09 00:00:00,"Santa Clara, CA",US,9.0,0.0,1.0
2020-03-10 00:00:00,"Santa Clara, CA",US,9.0,0.0,1.0
2020-03-11 00:00:00,"Santa Clara, CA",US,9.0,0.0,1.0
2020-03-12 00:00:00,"Santa Clara, CA",US,11.0,0.0,1.0
2020-03-13 00:00:00,"Santa Clara, CA",US,11.0,0.0,1.0
2020-03-02 00:00:00,"Seattle, WA",US,2.0,0.0,1.0
2020-03-03 00:00:00,"Seattle, WA",US,2.0,0.0,1.0
2020-03-04 00:00:00,"Seattle, WA",US,2.0,0.0,1.0
2020-03-05 00:00:00,"Seattle, WA",US,2.0,0.0,1.0
2020-03-06 00:00:00,"Seattle, WA",US,2.0,0.0,1.0
2020-03-07 00:00:00,"Seattle, WA",US,4.0,0.0,1.0
2020-03-08 00:00:00,"Seattle, WA",US,4.0,0.0,2.0
2020-03-07 00:00:00,"Tempe, AZ",US,1.0,0.0,1.0
2020-03-08 00:00:00,"Tempe, AZ",US,1.0,0.0,1.0
2020-03-09 00:00:00,"Tempe, AZ",US,1.0,0.0,1.0
2020-03-10 00:00:00,"Tempe, AZ",US,1.0,0.0,1.0
2020-03-11 00:00:00,"Tempe, AZ",US,1.0,0.0,1.0
2020-03-12 00:00:00,"Tempe, AZ",US,1.0,0.0,1.0
2020-03-13 00:00:00,"Tempe, AZ",US,1.0,0.0,1.0
2020-03-10 00:00:00,"San Benito, CA",US,2.0,0.0,0.0
2020-03-11 00:00:00,"San Benito, CA",US,2.0,0.0,0.0
2020-03-12 00:00:00,"San Benito, CA",US,2.0,0.0,0.0
2020-03-13 00:00:00,"San Benito, CA",US,2.0,0.0,0.0
2020-03-14 00:00:00,"San Benito, CA",US,2.0,0.0,0.0
2020-03-15 00:00:00,"San Benito, CA",US,2.0,0.0,0.0
2020-03-16 00:00:00,"San Benito, CA",US,2.0,0.0,0.0
2020-03-10 00:00:00,"Madison, WI",US,1.0,0.0,1.0
2020-03-11 00:00:00,"Madison, WI",US,1.0,0.0,1.0
2020-03-12 00:00:00,"Madison, WI",US,1.0,0.0,1.0
2020-03-13 00:00:00,"Madison, WI",US,1.0,0.0,1.0
2020-03-14 00:00:00,"Madison, WI",US,1.0,0.0,1.0
2020-03-15 00:00:00,"Madison, WI",US,1.0,0.0,1.0
2020-03-16 00:00:00,"Madison, WI",US,1.0,0.0,1.0
2020-03-10 00:00:00,"San Diego County, CA",US,3.0,0.0,1.0
2020-03-11 00:00:00,"San Diego County, CA",US,3.0,0.0,1.0
2020-03-12 00:00:00,"San Diego County, CA",US,3.0,0.0,1.0
2020-03-13 00:00:00,"San Diego County, CA",US,3.0,0.0,2.0
2020-03-14 00:00:00,"San Diego County, CA",US,3.0,0.0,2.0
2020-03-15 00:00:00,"San Diego County, CA",US,3.0,0.0,2.0
2020-03-16 00:00:00,"San Diego County, CA",US,3.0,0.0,2.0
2020-03-10 00:00:00,"San Antonio, TX",US,1.0,0.0,0.0
2020-03-11 00:00:00,"San Antonio, TX",US,1.0,0.0,0.0
2020-03-12 00:00:00,"San Antonio, TX",US,1.0,0.0,0.0
2020-03-13 00:00:00,"San Antonio, TX",US,1.0,0.0,0.0
2020-03-14 00:00:00,"San Antonio, TX",US,1.0,0.0,0.0
2020-03-15 00:00:00,"San Antonio, TX",US,1.0,0.0,0.0
2020-03-16 00:00:00,"San Antonio, TX",US,1.0,0.0,0.0
2020-03-10 00:00:00,"Humboldt County, CA",US,1.0,0.0,0.0
2020-03-11 00:00:00,"Humboldt County, CA",US,1.0,0.0,0.0
2020-03-12 00:00:00,"Humboldt County, CA",US,1.0,0.0,0.0
2020-03-13 00:00:00,"Humboldt County, CA",US,1.0,0.0,0.0
2020-03-14 00:00:00,"Humboldt County, CA",US,1.0,0.0,0.0
2020-03-15 00:00:00,"Humboldt County, CA",US,1.0,0.0,0.0
2020-03-16 00:00:00,"Humboldt County, CA",US,1.0,0.0,0.0
2020-03-10 00:00:00,"Sacramento County, CA",US,2.0,0.0,0.0
2020-03-11 00:00:00,"Sacramento County, CA",US,2.0,0.0,0.0
2020-03-12 00:00:00,"Sacramento County, CA",US,3.0,0.0,0.0
2020-03-13 00:00:00,"Sacramento County, CA",US,3.0,0.0,0.0
2020-03-14 00:00:00,"Sacramento County, CA",US,3.0,0.0,0.0
2020-03-15 00:00:00,"Sacramento County, CA",US,3.0,0.0,0.0
2020-03-16 00:00:00,"Sacramento County, CA",US,3.0,0.0,0.0
0,0,0,0.0,0.0,0.0
0,0,0,0.0,0.0,0.0
0,0,0,0.0,0.0,0.0
0,0,0,0.0,0.0,0.0
2020-03-14 00:00:00,"Lackland, TX (From Diamond Princess)",US,-0.0,0.0,0.0
2020-03-15 00:00:00,"Lackland, TX (From Diamond Princess)",US,-0.0,0.0,0.0
0,0,0,0.0,0.0,0.0
0,0,0,0.0,0.0,0.0
0,0,0,0.0,0.0,0.0
0,0,0,0.0,0.0,0.0
0,0,0,0.0,0.0,0.0
0,0,0,0.0,0.0,0.0
0,0,0,0.0,0.0,0.0
0,0,0,0.0,0.0,0.0
0,0,0,0.0,0.0,0.0
0,0,0,0.0,0.0,0.0
0,0,0,0.0,0.0,0.0
0,0,0,0.0,0.0,0.0
0,0,0,0.0,0.0,0.0
0,0,0,0.0,0.0,0.0
0,0,0,0.0,0.0,0.0
2020-03-10 00:00:00,Unassigned Location (From Diamond Princess),US,44.0,0.0,0.0
2020-03-11 00:00:00,Unassigned Location (From Diamond Princess),US,46.0,0.0,0.0
2020-03-12 00:00:00,Unassigned Location (From Diamond Princess),US,45.0,0.0,0.0
2020-03-13 00:00:00,Unassigned Location (From Diamond Princess),US,46.0,0.0,0.0
2020-03-14 00:00:00,Unassigned Location (From Diamond Princess),US,46.0,0.0,0.0
2020-03-15 00:00:00,Unassigned Location (From Diamond Princess),US,45.0,0.0,0.0
2020-03-16 00:00:00,Unassigned Location (From Diamond Princess),US,45.0,0.0,0.0
2020-03-03 00:00:00,"Portland, OR",US,2.0,0.0,0.0
2020-03-04 00:00:00,"Portland, OR",US,3.0,0.0,0.0
2020-03-05 00:00:00,"Portland, OR",US,3.0,0.0,0.0
2020-03-06 00:00:00,"Portland, OR",US,4.0,0.0,0.0
2020-03-07 00:00:00,"Portland, OR",US,4.0,0.0,0.0
2020-03-08 00:00:00,"Portland, OR",US,5.0,0.0,0.0
2020-03-09 00:00:00,"Portland, OR",US,5.0,0.0,0.0
2020-03-10 00:00:00,"Snohomish County, WA",US,36.0,1.0,0.0
2020-03-11 00:00:00,"Snohomish County, WA",US,40.0,1.0,0.0
2020-03-12 00:00:00,"Snohomish County, WA",US,44.0,2.0,0.0
2020-03-13 00:00:00,"Snohomish County, WA",US,48.0,2.0,0.0
2020-03-14 00:00:00,"Snohomish County, WA",US,51.0,2.0,0.0
2020-03-15 00:00:00,"Snohomish County, WA",US,55.0,2.0,0.0
2020-03-16 00:00:00,"Snohomish County, WA",US,59.0,2.0,0.0
2020-03-07 00:00:00,"Providence, RI",US,2.0,0.0,0.0
2020-03-08 00:00:00,"Providence, RI",US,2.0,0.0,0.0
2020-03-09 00:00:00,"Providence, RI",US,3.0,0.0,0.0
2020-03-10 00:00:00,"Providence, RI",US,3.0,0.0,0.0
2020-03-11 00:00:00,"Providence, RI",US,3.0,0.0,0.0
2020-03-12 00:00:00,"Providence, RI",US,3.0,0.0,0.0
2020-03-13 00:00:00,"Providence, RI",US,3.0,0.0,0.0
2020-03-10 00:00:00,"Cook County, IL",US,7.0,0.0,2.0
2020-03-11 00:00:00,"Cook County, IL",US,8.0,0.0,2.0
2020-03-12 00:00:00,"Cook County, IL",US,8.0,0.0,2.0
2020-03-13 00:00:00,"Cook County, IL",US,9.0,0.0,2.0
2020-03-14 00:00:00,"Cook County, IL",US,9.0,0.0,2.0
2020-03-15 00:00:00,"Cook County, IL",US,10.0,0.0,2.0
2020-03-16 00:00:00,"Cook County, IL",US,10.0,0.0,2.0
2020-03-10 00:00:00,"Grafton County, NH",US,4.0,0.0,0.0
2020-03-11 00:00:00,"Grafton County, NH",US,4.0,0.0,0.0
2020-03-12 00:00:00,"Grafton County, NH",US,5.0,0.0,0.0
2020-03-13 00:00:00,"Grafton County, NH",US,5.0,0.0,0.0
2020-03-14 00:00:00,"Grafton County, NH",US,6.0,0.0,0.0
2020-03-15 00:00:00,"Grafton County, NH",US,6.0,0.0,0.0
2020-03-16 00:00:00,"Grafton County, NH",US,6.0,0.0,0.0
2020-03-10 00:00:00,"Hillsborough, FL",US,2.0,0.0,0.0
2020-03-11 00:00:00,"Hillsborough, FL",US,2.0,0.0,0.0
2020-03-12 00:00:00,"Hillsborough, FL",US,2.0,0.0,0.0
2020-03-13 00:00:00,"Hillsborough, FL",US,3.0,0.0,0.0
2020-03-14 00:00:00,"Hillsborough, FL",US,3.0,0.0,0.0
2020-03-15 00:00:00,"Hillsborough, FL",US,3.0,0.0,0.0
2020-03-16 00:00:00,"Hillsborough, FL",US,3.0,0.0,0.0
2020-03-10 00:00:00,"King County, WA",US,101.0,20.0,1.0
2020-03-11 00:00:00,"King County, WA",US,112.0,22.0,1.0
2020-03-12 00:00:00,"King County, WA",US,123.0,24.0,1.0
2020-03-13 00:00:00,"King County, WA",US,134.0,26.0,1.0
2020-03-14 00:00:00,"King County, WA",US,145.0,27.0,1.0
2020-03-15 00:00:00,"King County, WA",US,156.0,29.0,1.0
2020-03-16 00:00:00,"King County, WA",US,166.0,31.0,1.0
2020-03-06 00:00:00,"New York City, NY",US,4.0,0.0,0.0
2020-03-07 00:00:00,"New York City, NY",US,5.0,0.0,0.0
2020-03-08 00:00:00,"New York City, NY",US,6.0,0.0,0.0
2020-03-09 00:00:00,"New York City, NY",US,7.0,0.0,0.0
2020-03-10 00:00:00,"New York City, NY",US,8.0,0.0,0.0
2020-03-11 00:00:00,"New York City, NY",US,8.0,0.0,0.0
2020-03-12 00:00:00,"New York City, NY",US,9.0,0.0,0.0
2020-03-10 00:00:00,"Placer County, CA",US,7.0,1.0,0.0
2020-03-11 00:00:00,"Placer County, CA",US,8.0,2.0,0.0
2020-03-12 00:00:00,"Placer County, CA",US,9.0,2.0,0.0
2020-03-13 00:00:00,"Placer County, CA",US,10.0,2.0,0.0
2020-03-14 00:00:00,"Placer County, CA",US,11.0,2.0,0.0
2020-03-15 00:00:00,"Placer County, CA",US,12.0,2.0,0.0
2020-03-16 00:00:00,"Placer County, CA",US,13.0,2.0,0.0
2020-03-10 00:00:00,"San Mateo, CA",US,2.0,0.0,0.0
2020-03-11 00:00:00,"San Mateo, CA",US,2.0,0.0,0.0
2020-03-12 00:00:00,"San Mateo, CA",US,2.0,0.0,0.0
2020-03-13 00:00:00,"San Mateo, CA",US,3.0,0.0,0.0
2020-03-14 00:00:00,"San Mateo, CA",US,3.0,0.0,0.0
2020-03-15 00:00:00,"San Mateo, CA",US,3.0,0.0,0.0
2020-03-16 00:00:00,"San Mateo, CA",US,3.0,0.0,0.0
2020-03-10 00:00:00,"Sarasota, FL",US,1.0,0.0,0.0
2020-03-11 00:00:00,"Sarasota, FL",US,1.0,0.0,0.0
2020-03-12 00:00:00,"Sarasota, FL",US,1.0,0.0,0.0
2020-03-13 00:00:00,"Sarasota, FL",US,1.0,0.0,0.0
2020-03-14 00:00:00,"Sarasota, FL",US,1.0,0.0,0.0
2020-03-15 00:00:00,"Sarasota, FL",US,1.0,0.0,0.0
2020-03-16 00:00:00,"Sarasota, FL",US,1.0,0.0,0.0
2020-03-10 00:00:00,"Sonoma County, CA",US,2.0,0.0,0.0
2020-03-11 00:00:00,"Sonoma County, CA",US,2.0,0.0,0.0
2020-03-12 00:00:00,"Sonoma County, CA",US,2.0,0.0,0.0
2020-03-13 00:00:00,"Sonoma County, CA",US,2.0,0.0,0.0
2020-03-14 00:00:00,"Sonoma County, CA",US,3.0,0.0,0.0
2020-03-15 00:00:00,"Sonoma County, CA",US,3.0,0.0,0.0
2020-03-16 00:00:00,"Sonoma County, CA",US,3.0,0.0,0.0
2020-03-10 00:00:00,"Umatilla, OR",US,1.0,0.0,0.0
2020-03-11 00:00:00,"Umatilla, OR",US,1.0,0.0,0.0
2020-03-12 00:00:00,"Umatilla, OR",US,1.0,0.0,0.0
2020-03-13 00:00:00,"Umatilla, OR",US,1.0,0.0,0.0
2020-03-14 00:00:00,"Umatilla, OR",US,1.0,0.0,0.0
2020-03-15 00:00:00,"Umatilla, OR",US,1.0,0.0,0.0
2020-03-16 00:00:00,"Umatilla, OR",US,1.0,0.0,0.0
2020-03-08 00:00:00," Norfolk County, MA",US,2.0,0.0,0.0
2020-03-09 00:00:00," Norfolk County, MA",US,3.0,0.0,0.0
2020-03-10 00:00:00," Norfolk County, MA",US,3.0,0.0,0.0
2020-03-11 00:00:00," Norfolk County, MA",US,3.0,0.0,0.0
2020-03-12 00:00:00," Norfolk County, MA",US,3.0,0.0,0.0
2020-03-13 00:00:00," Norfolk County, MA",US,4.0,0.0,0.0
2020-03-14 00:00:00," Norfolk County, MA",US,4.0,0.0,0.0
2020-03-07 00:00:00,"Berkeley, CA",US,1.0,0.0,0.0
2020-03-08 00:00:00,"Berkeley, CA",US,1.0,0.0,0.0
2020-03-09 00:00:00,"Berkeley, CA",US,1.0,0.0,0.0
2020-03-10 00:00:00,"Berkeley, CA",US,1.0,0.0,0.0
2020-03-11 00:00:00,"Berkeley, CA",US,1.0,0.0,0.0
2020-03-12 00:00:00,"Berkeley, CA",US,1.0,0.0,0.0
2020-03-13 00:00:00,"Berkeley, CA",US,1.0,0.0,0.0
2020-03-10 00:00:00,"Fulton County, GA",US,4.0,0.0,0.0
2020-03-11 00:00:00,"Fulton County, GA",US,5.0,0.0,0.0
2020-03-12 00:00:00,"Fulton County, GA",US,5.0,0.0,0.0
2020-03-13 00:00:00,"Fulton County, GA",US,6.0,0.0,0.0
2020-03-14 00:00:00,"Fulton County, GA",US,6.0,0.0,0.0
2020-03-15 00:00:00,"Fulton County, GA",US,7.0,0.0,0.0
2020-03-16 00:00:00,"Fulton County, GA",US,7.0,0.0,0.0
2020-03-10 00:00:00,"Maricopa County, AZ",US,4.0,0.0,1.0
2020-03-11 00:00:00,"Maricopa County, AZ",US,4.0,0.0,1.0
2020-03-12 00:00:00,"Maricopa County, AZ",US,5.0,0.0,2.0
2020-03-13 00:00:00,"Maricopa County, AZ",US,5.0,0.0,2.0
2020-03-14 00:00:00,"Maricopa County, AZ",US,5.0,0.0,2.0
2020-03-15 00:00:00,"Maricopa County, AZ",US,6.0,0.0,2.0
2020-03-16 00:00:00,"Maricopa County, AZ",US,6.0,0.0,3.0
2020-03-10 00:00:00,"Wake County, NC",US,1.0,0.0,0.0
2020-03-11 00:00:00,"Wake County, NC",US,1.0,0.0,0.0
2020-03-12 00:00:00,"Wake County, NC",US,1.0,0.0,0.0
2020-03-13 00:00:00,"Wake County, NC",US,1.0,0.0,0.0
2020-03-14 00:00:00,"Wake County, NC",US,1.0,0.0,0.0
2020-03-15 00:00:00,"Wake County, NC",US,1.0,0.0,0.0
2020-03-16 00:00:00,"Wake County, NC",US,1.0,0.0,0.0
2020-03-10 00:00:00,"Washington County, OR",US,8.0,0.0,0.0
2020-03-11 00:00:00,"Washington County, OR",US,9.0,0.0,0.0
2020-03-12 00:00:00,"Washington County, OR",US,11.0,0.0,0.0
2020-03-13 00:00:00,"Washington County, OR",US,12.0,0.0,0.0
2020-03-14 00:00:00,"Washington County, OR",US,13.0,0.0,0.0
2020-03-15 00:00:00,"Washington County, OR",US,14.0,0.0,0.0
2020-03-16 00:00:00,"Washington County, OR",US,15.0,0.0,0.0
2020-03-10 00:00:00,"Westchester County, NY",US,109.0,0.0,0.0
2020-03-11 00:00:00,"Westchester County, NY",US,126.0,0.0,0.0
2020-03-12 00:00:00,"Westchester County, NY",US,143.0,0.0,0.0
2020-03-13 00:00:00,"Westchester County, NY",US,160.0,0.0,0.0
2020-03-14 00:00:00,"Westchester County, NY",US,177.0,0.0,0.0
2020-03-15 00:00:00,"Westchester County, NY",US,194.0,0.0,0.0
2020-03-16 00:00:00,"Westchester County, NY",US,211.0,0.0,0.0
2020-03-10 00:00:00,"Contra Costa County, CA",US,14.0,0.0,0.0
2020-03-11 00:00:00,"Contra Costa County, CA",US,17.0,0.0,0.0
2020-03-12 00:00:00,"Contra Costa County, CA",US,19.0,0.0,0.0
2020-03-13 00:00:00,"Contra Costa County, CA",US,22.0,0.0,0.0
2020-03-14 00:00:00,"Contra Costa County, CA",US,24.0,0.0,0.0
2020-03-15 00:00:00,"Contra Costa County, CA",US,27.0,0.0,0.0
2020-03-16 00:00:00,"Contra Costa County, CA",US,29.0,0.0,0.0
2020-03-10 00:00:00,"Orange County, CA",US,4.0,0.0,0.0
2020-03-11 00:00:00,"Orange County, CA",US,4.0,0.0,0.0
2020-03-12 00:00:00,"Orange County, CA",US,4.0,0.0,0.0
2020-03-13 00:00:00,"Orange County, CA",US,4.0,0.0,0.0
2020-03-14 00:00:00,"Orange County, CA",US,4.0,0.0,0.0
2020-03-15 00:00:00,"Orange County, CA",US,4.0,0.0,0.0
2020-03-16 00:00:00,"Orange County, CA",US,5.0,0.0,0.0
2020-03-10 00:00:00,"Bergen County, NJ",US,5.0,0.0,0.0
2020-03-11 00:00:00,"Bergen County, NJ",US,6.0,0.0,0.0
2020-03-12 00:00:00,"Bergen County, NJ",US,6.0,0.0,0.0
2020-03-13 00:00:00,"Bergen County, NJ",US,7.0,0.0,0.0
2020-03-14 00:00:00,"Bergen County, NJ",US,7.0,0.0,0.0
2020-03-15 00:00:00,"Bergen County, NJ",US,8.0,0.0,0.0
2020-03-16 00:00:00,"Bergen County, NJ",US,9.0,0.0,0.0
2020-03-10 00:00:00,"Clark County, NV",US,2.0,0.0,0.0
2020-03-11 00:00:00,"Clark County, NV",US,3.0,0.0,0.0
2020-03-12 00:00:00,"Clark County, NV",US,3.0,0.0,0.0
2020-03-13 00:00:00,"Clark County, NV",US,3.0,0.0,0.0
2020-03-14 00:00:00,"Clark County, NV",US,3.0,0.0,0.0
2020-03-15 00:00:00,"Clark County, NV",US,4.0,0.0,0.0
2020-03-16 00:00:00,"Clark County, NV",US,4.0,0.0,0.0
2020-03-10 00:00:00,"Fort Bend County, TX",US,8.0,0.0,0.0
2020-03-11 00:00:00,"Fort Bend County, TX",US,9.0,0.0,0.0
2020-03-12 00:00:00,"Fort Bend County, TX",US,11.0,0.0,0.0
2020-03-13 00:00:00,"Fort Bend County, TX",US,12.0,0.0,0.0
2020-03-14 00:00:00,"Fort Bend County, TX",US,14.0,0.0,0.0
2020-03-15 00:00:00,"Fort Bend County, TX",US,15.0,0.0,0.0
2020-03-16 00:00:00,"Fort Bend County, TX",US,17.0,0.0,0.0
2020-03-10 00:00:00,"Grant County, WA",US,1.0,1.0,0.0
2020-03-11 00:00:00,"Grant County, WA",US,1.0,1.0,0.0
2020-03-12 00:00:00,"Grant County, WA",US,1.0,1.0,0.0
2020-03-13 00:00:00,"Grant County, WA",US,1.0,1.0,0.0
2020-03-14 00:00:00,"Grant County, WA",US,1.0,2.0,0.0
2020-03-15 00:00:00,"Grant County, WA",US,1.0,2.0,0.0
2020-03-16 00:00:00,"Grant County, WA",US,1.0,2.0,0.0
2020-03-10 00:00:00,"Harris County, TX",US,7.0,0.0,0.0
2020-03-11 00:00:00,"Harris County, TX",US,8.0,0.0,0.0
2020-03-12 00:00:00,"Harris County, TX",US,9.0,0.0,0.0
2020-03-13 00:00:00,"Harris County, TX",US,10.0,0.0,0.0
2020-03-14 00:00:00,"Harris County, TX",US,11.0,0.0,0.0
2020-03-15 00:00:00,"Harris County, TX",US,12.0,0.0,0.0
2020-03-16 00:00:00,"Harris County, TX",US,13.0,0.0,0.0
2020-03-10 00:00:00,"San Francisco County, CA",US,12.0,0.0,0.0
2020-03-11 00:00:00,"San Francisco County, CA",US,15.0,0.0,0.0
2020-03-12 00:00:00,"San Francisco County, CA",US,17.0,0.0,0.0
2020-03-13 00:00:00,"San Francisco County, CA",US,19.0,0.0,0.0
2020-03-14 00:00:00,"San Francisco County, CA",US,21.0,0.0,0.0
2020-03-15 00:00:00,"San Francisco County, CA",US,23.0,0.0,0.0
2020-03-16 00:00:00,"San Francisco County, CA",US,25.0,0.0,0.0
2020-03-10 00:00:00,"Santa Rosa County, FL",US,1.0,1.0,0.0
2020-03-11 00:00:00,"Santa Rosa County, FL",US,1.0,2.0,0.0
2020-03-12 00:00:00,"Santa Rosa County, FL",US,1.0,2.0,0.0
2020-03-13 00:00:00,"Santa Rosa County, FL",US,1.0,2.0,0.0
2020-03-14 00:00:00,"Santa Rosa County, FL",US,1.0,2.0,0.0
2020-03-15 00:00:00,"Santa Rosa County, FL",US,1.0,3.0,0.0
2020-03-16 00:00:00,"Santa Rosa County, FL",US,1.0,3.0,0.0
2020-03-10 00:00:00,"Williamson County, TN",US,1.0,0.0,0.0
2020-03-11 00:00:00,"Williamson County, TN",US,1.0,0.0,0.0
2020-03-12 00:00:00,"Williamson County, TN",US,1.0,0.0,0.0
2020-03-13 00:00:00,"Williamson County, TN",US,1.0,0.0,0.0
2020-03-14 00:00:00,"Williamson County, TN",US,1.0,0.0,0.0
2020-03-15 00:00:00,"Williamson County, TN",US,1.0,0.0,0.0
2020-03-16 00:00:00,"Williamson County, TN",US,1.0,0.0,0.0
2020-03-10 00:00:00,"Chatham County, NC",US,1.0,0.0,0.0
2020-03-11 00:00:00,"Chatham County, NC",US,1.0,0.0,0.0
2020-03-12 00:00:00,"Chatham County, NC",US,1.0,0.0,0.0
2020-03-13 00:00:00,"Chatham County, NC",US,1.0,0.0,0.0
2020-03-14 00:00:00,"Chatham County, NC",US,1.0,0.0,0.0
2020-03-15 00:00:00,"Chatham County, NC",US,1.0,0.0,0.0
2020-03-16 00:00:00,"Chatham County, NC",US,1.0,0.0,0.0
2020-03-10 00:00:00,"Delaware County, PA",US,1.0,0.0,0.0
2020-03-11 00:00:00,"Delaware County, PA",US,1.0,0.0,0.0
2020-03-12 00:00:00,"Delaware County, PA",US,1.0,0.0,0.0
2020-03-13 00:00:00,"Delaware County, PA",US,1.0,0.0,0.0
2020-03-14 00:00:00,"Delaware County, PA",US,1.0,0.0,0.0
2020-03-15 00:00:00,"Delaware County, PA",US,1.0,0.0,0.0
2020-03-16 00:00:00,"Delaware County, PA",US,1.0,0.0,0.0
2020-03-10 00:00:00,"Denver County, CO",US,2.0,0.0,0.0
2020-03-11 00:00:00,"Denver County, CO",US,2.0,0.0,0.0
2020-03-12 00:00:00,"Denver County, CO",US,2.0,0.0,0.0
2020-03-13 00:00:00,"Denver County, CO",US,2.0,0.0,0.0
2020-03-14 00:00:00,"Denver County, CO",US,2.0,0.0,0.0
2020-03-15 00:00:00,"Denver County, CO",US,2.0,0.0,0.0
2020-03-16 00:00:00,"Denver County, CO",US,2.0,0.0,0.0
2020-03-10 00:00:00,"Douglas County, NE",US,3.0,0.0,0.0
2020-03-11 00:00:00,"Douglas County, NE",US,4.0,0.0,0.0
2020-03-12 00:00:00,"Douglas County, NE",US,4.0,0.0,0.0
2020-03-13 00:00:00,"Douglas County, NE",US,5.0,0.0,0.0
2020-03-14 00:00:00,"Douglas County, NE",US,5.0,0.0,0.0
2020-03-15 00:00:00,"Douglas County, NE",US,6.0,0.0,0.0
2020-03-16 00:00:00,"Douglas County, NE",US,7.0,0.0,0.0
2020-03-10 00:00:00,"Fayette County, KY",US,1.0,0.0,0.0
2020-03-11 00:00:00,"Fayette County, KY",US,1.0,0.0,0.0
2020-03-12 00:00:00,"Fayette County, KY",US,1.0,0.0,0.0
2020-03-13 00:00:00,"Fayette County, KY",US,1.0,0.0,0.0
2020-03-14 00:00:00,"Fayette County, KY",US,1.0,0.0,0.0
2020-03-15 00:00:00,"Fayette County, KY",US,1.0,0.0,0.0
2020-03-16 00:00:00,"Fayette County, KY",US,1.0,0.0,0.0
2020-03-08 00:00:00,"Floyd County, GA",US,3.0,0.0,0.0
2020-03-09 00:00:00,"Floyd County, GA",US,4.0,0.0,0.0
2020-03-10 00:00:00,"Floyd County, GA",US,5.0,0.0,0.0
2020-03-11 00:00:00,"Floyd County, GA",US,6.0,0.0,0.0
2020-03-12 00:00:00,"Floyd County, GA",US,7.0,0.0,0.0
2020-03-13 00:00:00,"Floyd County, GA",US,8.0,0.0,0.0
2020-03-14 00:00:00,"Floyd County, GA",US,9.0,0.0,0.0
2020-03-10 00:00:00,"Marion County, IN",US,1.0,0.0,0.0
2020-03-11 00:00:00,"Marion County, IN",US,1.0,0.0,0.0
2020-03-12 00:00:00,"Marion County, IN",US,1.0,0.0,0.0
2020-03-13 00:00:00,"Marion County, IN",US,1.0,0.0,0.0
2020-03-14 00:00:00,"Marion County, IN",US,1.0,0.0,0.0
2020-03-15 00:00:00,"Marion County, IN",US,1.0,0.0,0.0
2020-03-16 00:00:00,"Marion County, IN",US,1.0,0.0,0.0
2020-03-10 00:00:00,"Middlesex County, MA",US,10.0,0.0,0.0
2020-03-11 00:00:00,"Middlesex County, MA",US,12.0,0.0,0.0
2020-03-12 00:00:00,"Middlesex County, MA",US,15.0,0.0,0.0
2020-03-13 00:00:00,"Middlesex County, MA",US,17.0,0.0,0.0
2020-03-14 00:00:00,"Middlesex County, MA",US,20.0,0.0,0.0
2020-03-15 00:00:00,"Middlesex County, MA",US,22.0,0.0,0.0
2020-03-16 00:00:00,"Middlesex County, MA",US,24.0,0.0,0.0
2020-03-10 00:00:00,"Montgomery County, MD",US,5.0,0.0,0.0
2020-03-11 00:00:00,"Montgomery County, MD",US,5.0,0.0,0.0
2020-03-12 00:00:00,"Montgomery County, MD",US,5.0,0.0,0.0
2020-03-13 00:00:00,"Montgomery County, MD",US,6.0,0.0,0.0
2020-03-14 00:00:00,"Montgomery County, MD",US,6.0,0.0,0.0
2020-03-15 00:00:00,"Montgomery County, MD",US,7.0,0.0,0.0
2020-03-16 00:00:00,"Montgomery County, MD",US,7.0,0.0,0.0
2020-03-10 00:00:00,"Nassau County, NY",US,19.0,0.0,0.0
2020-03-11 00:00:00,"Nassau County, NY",US,24.0,0.0,0.0
2020-03-12 00:00:00,"Nassau County, NY",US,29.0,0.0,0.0
2020-03-13 00:00:00,"Nassau County, NY",US,34.0,0.0,0.0
2020-03-14 00:00:00,"Nassau County, NY",US,39.0,0.0,0.0
2020-03-15 00:00:00,"Nassau County, NY",US,43.0,0.0,0.0
2020-03-16 00:00:00,"Nassau County, NY",US,48.0,0.0,0.0
2020-03-10 00:00:00,"New York County, NY",US,17.0,0.0,0.0
2020-03-11 00:00:00,"New York County, NY",US,18.0,0.0,0.0
2020-03-12 00:00:00,"New York County, NY",US,19.0,0.0,0.0
2020-03-13 00:00:00,"New York County, NY",US,20.0,0.0,0.0
2020-03-14 00:00:00,"New York County, NY",US,21.0,0.0,0.0
2020-03-15 00:00:00,"New York County, NY",US,22.0,0.0,0.0
2020-03-16 00:00:00,"New York County, NY",US,23.0,0.0,0.0
2020-03-10 00:00:00,"Ramsey County, MN",US,1.0,0.0,0.0
2020-03-11 00:00:00,"Ramsey County, MN",US,1.0,0.0,0.0
2020-03-12 00:00:00,"Ramsey County, MN",US,1.0,0.0,0.0
2020-03-13 00:00:00,"Ramsey County, MN",US,1.0,0.0,0.0
2020-03-14 00:00:00,"Ramsey County, MN",US,1.0,0.0,0.0
2020-03-15 00:00:00,"Ramsey County, MN",US,1.0,0.0,0.0
2020-03-16 00:00:00,"Ramsey County, MN",US,1.0,0.0,0.0
2020-03-10 00:00:00,"Suffolk County, MA",US,10.0,0.0,1.0
2020-03-11 00:00:00,"Suffolk County, MA",US,12.0,0.0,1.0
2020-03-12 00:00:00,"Suffolk County, MA",US,14.0,0.0,1.0
2020-03-13 00:00:00,"Suffolk County, MA",US,16.0,0.0,1.0
2020-03-14 00:00:00,"Suffolk County, MA",US,18.0,0.0,1.0
2020-03-15 00:00:00,"Suffolk County, MA",US,20.0,0.0,1.0
2020-03-16 00:00:00,"Suffolk County, MA",US,22.0,0.0,1.0
2020-03-10 00:00:00,"Summit County, CO",US,2.0,0.0,0.0
2020-03-11 00:00:00,"Summit County, CO",US,2.0,0.0,0.0
2020-03-12 00:00:00,"Summit County, CO",US,2.0,0.0,0.0
2020-03-13 00:00:00,"Summit County, CO",US,2.0,0.0,0.0
2020-03-14 00:00:00,"Summit County, CO",US,2.0,0.0,0.0
2020-03-15 00:00:00,"Summit County, CO",US,2.0,0.0,0.0
2020-03-16 00:00:00,"Summit County, CO",US,2.0,0.0,0.0
2020-03-10 00:00:00,"Unassigned Location, WA",US,5.0,0.0,0.0
2020-03-11 00:00:00,"Unassigned Location, WA",US,5.0,0.0,0.0
2020-03-12 00:00:00,"Unassigned Location, WA",US,5.0,0.0,0.0
2020-03-13 00:00:00,"Unassigned Location, WA",US,5.0,0.0,0.0
2020-03-14 00:00:00,"Unassigned Location, WA",US,5.0,0.0,0.0
2020-03-15 00:00:00,"Unassigned Location, WA",US,5.0,0.0,0.0
2020-03-16 00:00:00,"Unassigned Location, WA",US,5.0,0.0,0.0
2020-03-10 00:00:00,"Washoe County, NV",US,2.0,0.0,0.0
2020-03-11 00:00:00,"Washoe County, NV",US,3.0,0.0,0.0
2020-03-12 00:00:00,"Washoe County, NV",US,3.0,0.0,0.0
2020-03-13 00:00:00,"Washoe County, NV",US,4.0,0.0,0.0
2020-03-14 00:00:00,"Washoe County, NV",US,4.0,0.0,0.0
2020-03-15 00:00:00,"Washoe County, NV",US,4.0,0.0,0.0
2020-03-16 00:00:00,"Washoe County, NV",US,5.0,0.0,0.0
2020-03-10 00:00:00,"Wayne County, PA",US,1.0,0.0,0.0
2020-03-11 00:00:00,"Wayne County, PA",US,1.0,0.0,0.0
2020-03-12 00:00:00,"Wayne County, PA",US,1.0,0.0,0.0
2020-03-13 00:00:00,"Wayne County, PA",US,1.0,0.0,0.0
2020-03-14 00:00:00,"Wayne County, PA",US,1.0,0.0,0.0
2020-03-15 00:00:00,"Wayne County, PA",US,1.0,0.0,0.0
2020-03-16 00:00:00,"Wayne County, PA",US,1.0,0.0,0.0
2020-03-10 00:00:00,"Yolo County, CA",US,1.0,0.0,0.0
2020-03-11 00:00:00,"Yolo County, CA",US,1.0,0.0,0.0
2020-03-12 00:00:00,"Yolo County, CA",US,1.0,0.0,0.0
2020-03-13 00:00:00,"Yolo County, CA",US,1.0,0.0,0.0
2020-03-14 00:00:00,"Yolo County, CA",US,1.0,0.0,0.0
2020-03-15 00:00:00,"Yolo County, CA",US,1.0,0.0,0.0
2020-03-16 00:00:00,"Yolo County, CA",US,1.0,0.0,0.0
2020-03-10 00:00:00,"Alameda County, CA",US,2.0,0.0,0.0
2020-03-11 00:00:00,"Alameda County, CA",US,2.0,0.0,0.0
2020-03-12 00:00:00,"Alameda County, CA",US,2.0,0.0,0.0
2020-03-13 00:00:00,"Alameda County, CA",US,2.0,0.0,0.0
2020-03-14 00:00:00,"Alameda County, CA",US,2.0,0.0,0.0
2020-03-15 00:00:00,"Alameda County, CA",US,2.0,0.0,0.0
2020-03-16 00:00:00,"Alameda County, CA",US,2.0,0.0,0.0
2020-03-10 00:00:00,"Broward County, FL",US,3.0,0.0,0.0
2020-03-11 00:00:00,"Broward County, FL",US,4.0,0.0,0.0
2020-03-12 00:00:00,"Broward County, FL",US,4.0,0.0,0.0
2020-03-13 00:00:00,"Broward County, FL",US,5.0,0.0,0.0
2020-03-14 00:00:00,"Broward County, FL",US,5.0,0.0,0.0
2020-03-15 00:00:00,"Broward County, FL",US,6.0,0.0,0.0
2020-03-16 00:00:00,"Broward County, FL",US,6.0,0.0,0.0
2020-03-10 00:00:00,"Charleston County, SC",US,1.0,0.0,0.0
2020-03-11 00:00:00,"Charleston County, SC",US,1.0,0.0,0.0
2020-03-12 00:00:00,"Charleston County, SC",US,1.0,0.0,0.0
2020-03-13 00:00:00,"Charleston County, SC",US,1.0,0.0,0.0
2020-03-14 00:00:00,"Charleston County, SC",US,1.0,0.0,0.0
2020-03-15 00:00:00,"Charleston County, SC",US,1.0,0.0,0.0
2020-03-16 00:00:00,"Charleston County, SC",US,1.0,0.0,0.0
2020-03-10 00:00:00,"Clark County, WA",US,1.0,0.0,0.0
2020-03-11 00:00:00,"Clark County, WA",US,1.0,0.0,0.0
2020-03-12 00:00:00,"Clark County, WA",US,1.0,0.0,0.0
2020-03-13 00:00:00,"Clark County, WA",US,1.0,0.0,0.0
2020-03-14 00:00:00,"Clark County, WA",US,1.0,0.0,0.0
2020-03-15 00:00:00,"Clark County, WA",US,1.0,0.0,0.0
2020-03-16 00:00:00,"Clark County, WA",US,1.0,0.0,0.0
2020-03-10 00:00:00,"Cobb County, GA",US,4.0,0.0,0.0
2020-03-11 00:00:00,"Cobb County, GA",US,5.0,0.0,0.0
2020-03-12 00:00:00,"Cobb County, GA",US,6.0,0.0,0.0
2020-03-13 00:00:00,"Cobb County, GA",US,7.0,0.0,0.0
2020-03-14 00:00:00,"Cobb County, GA",US,8.0,0.0,0.0
2020-03-15 00:00:00,"Cobb County, GA",US,9.0,0.0,0.0
2020-03-16 00:00:00,"Cobb County, GA",US,10.0,0.0,0.0
2020-03-10 00:00:00,"Davis County, UT",US,1.0,0.0,0.0
2020-03-11 00:00:00,"Davis County, UT",US,1.0,0.0,0.0
2020-03-12 00:00:00,"Davis County, UT",US,1.0,0.0,0.0
2020-03-13 00:00:00,"Davis County, UT",US,1.0,0.0,0.0
2020-03-14 00:00:00,"Davis County, UT",US,1.0,0.0,0.0
2020-03-15 00:00:00,"Davis County, UT",US,1.0,0.0,0.0
2020-03-16 00:00:00,"Davis County, UT",US,1.0,0.0,0.0
2020-03-10 00:00:00,"Douglas County, CO",US,3.0,0.0,0.0
2020-03-11 00:00:00,"Douglas County, CO",US,3.0,0.0,0.0
2020-03-12 00:00:00,"Douglas County, CO",US,3.0,0.0,0.0
2020-03-13 00:00:00,"Douglas County, CO",US,3.0,0.0,0.0
2020-03-14 00:00:00,"Douglas County, CO",US,3.0,0.0,0.0
2020-03-15 00:00:00,"Douglas County, CO",US,3.0,0.0,0.0
2020-03-16 00:00:00,"Douglas County, CO",US,3.0,0.0,0.0
2020-03-10 00:00:00,"El Paso County, CO",US,1.0,0.0,0.0
2020-03-11 00:00:00,"El Paso County, CO",US,1.0,0.0,0.0
2020-03-12 00:00:00,"El Paso County, CO",US,1.0,0.0,0.0
2020-03-13 00:00:00,"El Paso County, CO",US,1.0,0.0,0.0
2020-03-14 00:00:00,"El Paso County, CO",US,1.0,0.0,0.0
2020-03-15 00:00:00,"El Paso County, CO",US,1.0,0.0,0.0
2020-03-16 00:00:00,"El Paso County, CO",US,1.0,0.0,0.0
2020-03-10 00:00:00,"Fairfield County, CT",US,0.0,0.0,0.0
2020-03-11 00:00:00,"Fairfield County, CT",US,-0.0,0.0,0.0
0,0,0,0.0,0.0,0.0
0,0,0,0.0,0.0,0.0
0,0,0,0.0,0.0,0.0
0,0,0,0.0,0.0,0.0
0,0,0,0.0,0.0,0.0
2020-03-10 00:00:00,Grand Princess Cruise Ship,US,21.0,0.0,0.0
2020-03-11 00:00:00,Grand Princess Cruise Ship,US,21.0,0.0,0.0
2020-03-12 00:00:00,Grand Princess Cruise Ship,US,21.0,0.0,0.0
2020-03-13 00:00:00,Grand Princess Cruise Ship,US,21.0,0.0,0.0
2020-03-14 00:00:00,Grand Princess Cruise Ship,US,21.0,0.0,0.0
2020-03-15 00:00:00,Grand Princess Cruise Ship,US,21.0,0.0,0.0
2020-03-16 00:00:00,Grand Princess Cruise Ship,US,21.0,0.0,0.0
2020-03-10 00:00:00,"Honolulu County, HI",US,2.0,0.0,0.0
2020-03-11 00:00:00,"Honolulu County, HI",US,3.0,0.0,0.0
2020-03-12 00:00:00,"Honolulu County, HI",US,3.0,0.0,0.0
2020-03-13 00:00:00,"Honolulu County, HI",US,4.0,0.0,0.0
2020-03-14 00:00:00,"Honolulu County, HI",US,4.0,0.0,0.0
2020-03-15 00:00:00,"Honolulu County, HI",US,5.0,0.0,0.0
2020-03-16 00:00:00,"Honolulu County, HI",US,5.0,0.0,0.0
2020-03-10 00:00:00,"Jackson County, OR ",US,3.0,0.0,0.0
2020-03-11 00:00:00,"Jackson County, OR ",US,3.0,0.0,0.0
2020-03-12 00:00:00,"Jackson County, OR ",US,4.0,0.0,0.0
2020-03-13 00:00:00,"Jackson County, OR ",US,4.0,0.0,0.0
2020-03-14 00:00:00,"Jackson County, OR ",US,5.0,0.0,0.0
2020-03-15 00:00:00,"Jackson County, OR ",US,5.0,0.0,0.0
2020-03-16 00:00:00,"Jackson County, OR ",US,6.0,0.0,0.0
2020-03-10 00:00:00,"Jefferson County, WA",US,1.0,0.0,0.0
2020-03-11 00:00:00,"Jefferson County, WA",US,1.0,0.0,0.0
2020-03-12 00:00:00,"Jefferson County, WA",US,1.0,0.0,0.0
2020-03-13 00:00:00,"Jefferson County, WA",US,1.0,0.0,0.0
2020-03-14 00:00:00,"Jefferson County, WA",US,1.0,0.0,0.0
2020-03-15 00:00:00,"Jefferson County, WA",US,1.0,0.0,0.0
2020-03-16 00:00:00,"Jefferson County, WA",US,1.0,0.0,0.0
2020-03-10 00:00:00,"Kershaw County, SC",US,5.0,0.0,0.0
2020-03-11 00:00:00,"Kershaw County, SC",US,6.0,0.0,0.0
2020-03-12 00:00:00,"Kershaw County, SC",US,8.0,0.0,0.0
2020-03-13 00:00:00,"Kershaw County, SC",US,9.0,0.0,0.0
2020-03-14 00:00:00,"Kershaw County, SC",US,11.0,0.0,0.0
2020-03-15 00:00:00,"Kershaw County, SC",US,12.0,0.0,0.0
2020-03-16 00:00:00,"Kershaw County, SC",US,14.0,0.0,0.0
2020-03-10 00:00:00,"Klamath County, OR",US,1.0,0.0,0.0
2020-03-11 00:00:00,"Klamath County, OR",US,1.0,0.0,0.0
2020-03-12 00:00:00,"Klamath County, OR",US,1.0,0.0,0.0
2020-03-13 00:00:00,"Klamath County, OR",US,1.0,0.0,0.0
2020-03-14 00:00:00,"Klamath County, OR",US,1.0,0.0,0.0
2020-03-15 00:00:00,"Klamath County, OR",US,1.0,0.0,0.0
2020-03-16 00:00:00,"Klamath County, OR",US,1.0,0.0,0.0
2020-03-10 00:00:00,"Lee County, FL",US,2.0,2.0,0.0
2020-03-11 00:00:00,"Lee County, FL",US,2.0,2.0,0.0
2020-03-12 00:00:00,"Lee County, FL",US,2.0,3.0,0.0
2020-03-13 00:00:00,"Lee County, FL",US,2.0,3.0,0.0
2020-03-14 00:00:00,"Lee County, FL",US,2.0,4.0,0.0
2020-03-15 00:00:00,"Lee County, FL",US,2.0,4.0,0.0
2020-03-16 00:00:00,"Lee County, FL",US,2.0,5.0,0.0
2020-03-10 00:00:00,"Madera County, CA",US,1.0,0.0,0.0
2020-03-11 00:00:00,"Madera County, CA",US,1.0,0.0,0.0
2020-03-12 00:00:00,"Madera County, CA",US,1.0,0.0,0.0
2020-03-13 00:00:00,"Madera County, CA",US,1.0,0.0,0.0
2020-03-14 00:00:00,"Madera County, CA",US,1.0,0.0,0.0
2020-03-15 00:00:00,"Madera County, CA",US,1.0,0.0,0.0
2020-03-16 00:00:00,"Madera County, CA",US,1.0,0.0,0.0
2020-03-10 00:00:00,"Montgomery County, TX",US,0.0,0.0,0.0
2020-03-11 00:00:00,"Montgomery County, TX",US,0.0,0.0,0.0
2020-03-12 00:00:00,"Montgomery County, TX",US,0.0,0.0,0.0
2020-03-13 00:00:00,"Montgomery County, TX",US,0.0,0.0,0.0
2020-03-14 00:00:00,"Montgomery County, TX",US,0.0,0.0,0.0
2020-03-15 00:00:00,"Montgomery County, TX",US,0.0,0.0,0.0
2020-03-16 00:00:00,"Montgomery County, TX",US,0.0,0.0,0.0
2020-03-10 00:00:00,"Pierce County, WA",US,6.0,0.0,0.0
2020-03-11 00:00:00,"Pierce County, WA",US,7.0,0.0,0.0
2020-03-12 00:00:00,"Pierce County, WA",US,9.0,0.0,0.0
2020-03-13 00:00:00,"Pierce County, WA",US,10.0,0.0,0.0
2020-03-14 00:00:00,"Pierce County, WA",US,12.0,0.0,0.0
2020-03-15 00:00:00,"Pierce County, WA",US,13.0,0.0,0.0
2020-03-16 00:00:00,"Pierce County, WA",US,15.0,0.0,0.0
2020-03-10 00:00:00,"Pinal County, AZ",US,2.0,0.0,0.0
2020-03-11 00:00:00,"Pinal County, AZ",US,2.0,0.0,0.0
2020-03-12 00:00:00,"Pinal County, AZ",US,2.0,0.0,0.0
2020-03-13 00:00:00,"Pinal County, AZ",US,2.0,0.0,0.0
2020-03-14 00:00:00,"Pinal County, AZ",US,2.0,0.0,0.0
2020-03-15 00:00:00,"Pinal County, AZ",US,2.0,0.0,0.0
2020-03-16 00:00:00,"Pinal County, AZ",US,2.0,0.0,0.0
2020-03-10 00:00:00,"Plymouth County, MA",US,1.0,0.0,0.0
2020-03-11 00:00:00,"Plymouth County, MA",US,1.0,0.0,0.0
2020-03-12 00:00:00,"Plymouth County, MA",US,1.0,0.0,0.0
2020-03-13 00:00:00,"Plymouth County, MA",US,1.0,0.0,0.0
2020-03-14 00:00:00,"Plymouth County, MA",US,1.0,0.0,0.0
2020-03-15 00:00:00,"Plymouth County, MA",US,1.0,0.0,0.0
2020-03-16 00:00:00,"Plymouth County, MA",US,1.0,0.0,0.0
2020-03-10 00:00:00,"Providence County, RI",US,3.0,0.0,0.0
2020-03-11 00:00:00,"Providence County, RI",US,3.0,0.0,0.0
2020-03-12 00:00:00,"Providence County, RI",US,3.0,0.0,0.0
2020-03-13 00:00:00,"Providence County, RI",US,3.0,0.0,0.0
2020-03-14 00:00:00,"Providence County, RI",US,3.0,0.0,0.0
2020-03-15 00:00:00,"Providence County, RI",US,3.0,0.0,0.0
2020-03-16 00:00:00,"Providence County, RI",US,3.0,0.0,0.0
2020-03-10 00:00:00,"Rockland County, NY",US,5.0,0.0,0.0
2020-03-11 00:00:00,"Rockland County, NY",US,6.0,0.0,0.0
2020-03-12 00:00:00,"Rockland County, NY",US,7.0,0.0,0.0
2020-03-13 00:00:00,"Rockland County, NY",US,8.0,0.0,0.0
2020-03-14 00:00:00,"Rockland County, NY",US,9.0,0.0,0.0
2020-03-15 00:00:00,"Rockland County, NY",US,10.0,0.0,0.0
2020-03-16 00:00:00,"Rockland County, NY",US,11.0,0.0,0.0
2020-03-10 00:00:00,"Santa Clara County, CA",US,42.0,0.0,1.0
2020-03-11 00:00:00,"Santa Clara County, CA",US,45.0,0.0,1.0
2020-03-12 00:00:00,"Santa Clara County, CA",US,48.0,0.0,1.0
2020-03-13 00:00:00,"Santa Clara County, CA",US,51.0,0.0,1.0
2020-03-14 00:00:00,"Santa Clara County, CA",US,54.0,0.0,1.0
2020-03-15 00:00:00,"Santa Clara County, CA",US,57.0,0.0,1.0
2020-03-16 00:00:00,"Santa Clara County, CA",US,60.0,0.0,1.0
2020-03-10 00:00:00,"Saratoga County, NY",US,2.0,0.0,0.0
2020-03-11 00:00:00,"Saratoga County, NY",US,2.0,0.0,0.0
2020-03-12 00:00:00,"Saratoga County, NY",US,2.0,0.0,0.0
2020-03-13 00:00:00,"Saratoga County, NY",US,2.0,0.0,0.0
2020-03-14 00:00:00,"Saratoga County, NY",US,2.0,0.0,0.0
2020-03-15 00:00:00,"Saratoga County, NY",US,2.0,0.0,0.0
2020-03-16 00:00:00,"Saratoga County, NY",US,2.0,0.0,0.0
2020-03-10 00:00:00,"Tulsa County, OK",US,1.0,0.0,0.0
2020-03-11 00:00:00,"Tulsa County, OK",US,1.0,0.0,0.0
2020-03-12 00:00:00,"Tulsa County, OK",US,1.0,0.0,0.0
2020-03-13 00:00:00,"Tulsa County, OK",US,1.0,0.0,0.0
2020-03-14 00:00:00,"Tulsa County, OK",US,1.0,0.0,0.0
2020-03-15 00:00:00,"Tulsa County, OK",US,1.0,0.0,0.0
2020-03-16 00:00:00,"Tulsa County, OK",US,1.0,0.0,0.0
2020-03-10 00:00:00,"Berkshire County, MA",US,1.0,0.0,0.0
2020-03-11 00:00:00,"Berkshire County, MA",US,1.0,0.0,0.0
2020-03-12 00:00:00,"Berkshire County, MA",US,1.0,0.0,0.0
2020-03-13 00:00:00,"Berkshire County, MA",US,1.0,0.0,0.0
2020-03-14 00:00:00,"Berkshire County, MA",US,1.0,0.0,0.0
2020-03-15 00:00:00,"Berkshire County, MA",US,1.0,0.0,0.0
2020-03-16 00:00:00,"Berkshire County, MA",US,1.0,0.0,0.0
2020-03-10 00:00:00,"Davidson County, TN",US,1.0,0.0,0.0
2020-03-11 00:00:00,"Davidson County, TN",US,1.0,0.0,0.0
2020-03-12 00:00:00,"Davidson County, TN",US,1.0,0.0,0.0
2020-03-13 00:00:00,"Davidson County, TN",US,1.0,0.0,0.0
2020-03-14 00:00:00,"Davidson County, TN",US,1.0,0.0,0.0
2020-03-15 00:00:00,"Davidson County, TN",US,1.0,0.0,0.0
2020-03-16 00:00:00,"Davidson County, TN",US,1.0,0.0,0.0
2020-03-10 00:00:00,"Douglas County, OR",US,1.0,0.0,0.0
2020-03-11 00:00:00,"Douglas County, OR",US,1.0,0.0,0.0
2020-03-12 00:00:00,"Douglas County, OR",US,1.0,0.0,0.0
2020-03-13 00:00:00,"Douglas County, OR",US,1.0,0.0,0.0
2020-03-14 00:00:00,"Douglas County, OR",US,1.0,0.0,0.0
2020-03-15 00:00:00,"Douglas County, OR",US,1.0,0.0,0.0
2020-03-16 00:00:00,"Douglas County, OR",US,1.0,0.0,0.0
2020-03-10 00:00:00,"Fairfax County, VA",US,2.0,0.0,0.0
2020-03-11 00:00:00,"Fairfax County, VA",US,2.0,0.0,0.0
2020-03-12 00:00:00,"Fairfax County, VA",US,2.0,0.0,0.0
2020-03-13 00:00:00,"Fairfax County, VA",US,2.0,0.0,0.0
2020-03-14 00:00:00,"Fairfax County, VA",US,2.0,0.0,0.0
2020-03-15 00:00:00,"Fairfax County, VA",US,2.0,0.0,0.0
2020-03-16 00:00:00,"Fairfax County, VA",US,2.0,0.0,0.0
2020-03-10 00:00:00,"Fresno County, CA",US,1.0,0.0,0.0
2020-03-11 00:00:00,"Fresno County, CA",US,1.0,0.0,0.0
2020-03-12 00:00:00,"Fresno County, CA",US,1.0,0.0,0.0
2020-03-13 00:00:00,"Fresno County, CA",US,1.0,0.0,0.0
2020-03-14 00:00:00,"Fresno County, CA",US,1.0,0.0,0.0
2020-03-15 00:00:00,"Fresno County, CA",US,1.0,0.0,0.0
2020-03-16 00:00:00,"Fresno County, CA",US,1.0,0.0,0.0
2020-03-10 00:00:00,"Harford County, MD",US,1.0,0.0,0.0
2020-03-11 00:00:00,"Harford County, MD",US,1.0,0.0,0.0
2020-03-12 00:00:00,"Harford County, MD",US,1.0,0.0,0.0
2020-03-13 00:00:00,"Harford County, MD",US,1.0,0.0,0.0
2020-03-14 00:00:00,"Harford County, MD",US,1.0,0.0,0.0
2020-03-15 00:00:00,"Harford County, MD",US,1.0,0.0,0.0
2020-03-16 00:00:00,"Harford County, MD",US,1.0,0.0,0.0
2020-03-10 00:00:00,"Hendricks County, IN",US,3.0,0.0,0.0
2020-03-11 00:00:00,"Hendricks County, IN",US,4.0,0.0,0.0
2020-03-12 00:00:00,"Hendricks County, IN",US,5.0,0.0,0.0
2020-03-13 00:00:00,"Hendricks County, IN",US,6.0,0.0,0.0
2020-03-14 00:00:00,"Hendricks County, IN",US,7.0,0.0,0.0
2020-03-15 00:00:00,"Hendricks County, IN",US,8.0,0.0,0.0
2020-03-16 00:00:00,"Hendricks County, IN",US,9.0,0.0,0.0
2020-03-10 00:00:00,"Hudson County, NJ",US,1.0,0.0,0.0
2020-03-11 00:00:00,"Hudson County, NJ",US,1.0,0.0,0.0
2020-03-12 00:00:00,"Hudson County, NJ",US,1.0,0.0,0.0
2020-03-13 00:00:00,"Hudson County, NJ",US,1.0,0.0,0.0
2020-03-14 00:00:00,"Hudson County, NJ",US,1.0,0.0,0.0
2020-03-15 00:00:00,"Hudson County, NJ",US,1.0,0.0,0.0
2020-03-16 00:00:00,"Hudson County, NJ",US,1.0,0.0,0.0
2020-03-10 00:00:00,"Johnson County, KS",US,1.0,0.0,0.0
2020-03-11 00:00:00,"Johnson County, KS",US,1.0,0.0,0.0
2020-03-12 00:00:00,"Johnson County, KS",US,1.0,0.0,0.0
2020-03-13 00:00:00,"Johnson County, KS",US,1.0,0.0,0.0
2020-03-14 00:00:00,"Johnson County, KS",US,1.0,0.0,0.0
2020-03-15 00:00:00,"Johnson County, KS",US,1.0,0.0,0.0
2020-03-16 00:00:00,"Johnson County, KS",US,1.0,0.0,0.0
2020-03-10 00:00:00,"Kittitas County, WA",US,1.0,0.0,0.0
2020-03-11 00:00:00,"Kittitas County, WA",US,1.0,0.0,0.0
2020-03-12 00:00:00,"Kittitas County, WA",US,1.0,0.0,0.0
2020-03-13 00:00:00,"Kittitas County, WA",US,1.0,0.0,0.0
2020-03-14 00:00:00,"Kittitas County, WA",US,1.0,0.0,0.0
2020-03-15 00:00:00,"Kittitas County, WA",US,1.0,0.0,0.0
2020-03-16 00:00:00,"Kittitas County, WA",US,1.0,0.0,0.0
2020-03-10 00:00:00,"Manatee County, FL",US,3.0,0.0,0.0
2020-03-11 00:00:00,"Manatee County, FL",US,4.0,0.0,0.0
2020-03-12 00:00:00,"Manatee County, FL",US,5.0,0.0,0.0
2020-03-13 00:00:00,"Manatee County, FL",US,6.0,0.0,0.0
2020-03-14 00:00:00,"Manatee County, FL",US,7.0,0.0,0.0
2020-03-15 00:00:00,"Manatee County, FL",US,8.0,0.0,0.0
2020-03-16 00:00:00,"Manatee County, FL",US,9.0,0.0,0.0
2020-03-10 00:00:00,"Marion County, OR",US,1.0,0.0,0.0
2020-03-11 00:00:00,"Marion County, OR",US,1.0,0.0,0.0
2020-03-12 00:00:00,"Marion County, OR",US,1.0,0.0,0.0
2020-03-13 00:00:00,"Marion County, OR",US,1.0,0.0,0.0
2020-03-14 00:00:00,"Marion County, OR",US,1.0,0.0,0.0
2020-03-15 00:00:00,"Marion County, OR",US,1.0,0.0,0.0
2020-03-16 00:00:00,"Marion County, OR",US,1.0,0.0,0.0
2020-03-10 00:00:00,"Montgomery County, PA",US,6.0,0.0,0.0
2020-03-11 00:00:00,"Montgomery County, PA",US,7.0,0.0,0.0
2020-03-12 00:00:00,"Montgomery County, PA",US,8.0,0.0,0.0
2020-03-13 00:00:00,"Montgomery County, PA",US,9.0,0.0,0.0
2020-03-14 00:00:00,"Montgomery County, PA",US,10.0,0.0,0.0
2020-03-15 00:00:00,"Montgomery County, PA",US,11.0,0.0,0.0
2020-03-16 00:00:00,"Montgomery County, PA",US,12.0,0.0,0.0
2020-03-10 00:00:00,"Norfolk County, MA",US,6.0,0.0,0.0
2020-03-11 00:00:00,"Norfolk County, MA",US,6.0,0.0,0.0
2020-03-12 00:00:00,"Norfolk County, MA",US,6.0,0.0,0.0
2020-03-13 00:00:00,"Norfolk County, MA",US,6.0,0.0,0.0
2020-03-14 00:00:00,"Norfolk County, MA",US,6.0,0.0,0.0
2020-03-15 00:00:00,"Norfolk County, MA",US,6.0,0.0,0.0
2020-03-16 00:00:00,"Norfolk County, MA",US,6.0,0.0,0.0
2020-03-10 00:00:00,"Okaloosa County, FL",US,1.0,0.0,0.0
2020-03-11 00:00:00,"Okaloosa County, FL",US,1.0,0.0,0.0
2020-03-12 00:00:00,"Okaloosa County, FL",US,1.0,0.0,0.0
2020-03-13 00:00:00,"Okaloosa County, FL",US,1.0,0.0,0.0
2020-03-14 00:00:00,"Okaloosa County, FL",US,1.0,0.0,0.0
2020-03-15 00:00:00,"Okaloosa County, FL",US,1.0,0.0,0.0
2020-03-16 00:00:00,"Okaloosa County, FL",US,1.0,0.0,0.0
2020-03-10 00:00:00,"Polk County, GA",US,1.0,0.0,0.0
2020-03-11 00:00:00,"Polk County, GA",US,1.0,0.0,0.0
2020-03-12 00:00:00,"Polk County, GA",US,1.0,0.0,0.0
2020-03-13 00:00:00,"Polk County, GA",US,1.0,0.0,0.0
2020-03-14 00:00:00,"Polk County, GA",US,1.0,0.0,0.0
2020-03-15 00:00:00,"Polk County, GA",US,1.0,0.0,0.0
2020-03-16 00:00:00,"Polk County, GA",US,1.0,0.0,0.0
2020-03-10 00:00:00,"Riverside County, CA",US,1.0,0.0,0.0
2020-03-11 00:00:00,"Riverside County, CA",US,1.0,0.0,0.0
2020-03-12 00:00:00,"Riverside County, CA",US,1.0,0.0,0.0
2020-03-13 00:00:00,"Riverside County, CA",US,1.0,0.0,0.0
2020-03-14 00:00:00,"Riverside County, CA",US,1.0,0.0,0.0
2020-03-15 00:00:00,"Riverside County, CA",US,1.0,0.0,0.0
2020-03-16 00:00:00,"Riverside County, CA",US,1.0,0.0,0.0
2020-03-10 00:00:00,"Rockingham County, NH",US,0.0,0.0,0.0
0,0,0,0.0,0.0,0.0
0,0,0,0.0,0.0,0.0
0,0,0,0.0,0.0,0.0
0,0,0,0.0,0.0,0.0
0,0,0,0.0,0.0,0.0
0,0,0,0.0,0.0,0.0
2020-03-10 00:00:00,"Shelby County, TN",US,1.0,0.0,0.0
2020-03-11 00:00:00,"Shelby County, TN",US,1.0,0.0,0.0
2020-03-12 00:00:00,"Shelby County, TN",US,1.0,0.0,0.0
2020-03-13 00:00:00,"Shelby County, TN",US,1.0,0.0,0.0
2020-03-14 00:00:00,"Shelby County, TN",US,1.0,0.0,0.0
2020-03-15 00:00:00,"Shelby County, TN",US,1.0,0.0,0.0
2020-03-16 00:00:00,"Shelby County, TN",US,1.0,0.0,0.0
2020-03-10 00:00:00,"Spokane County, WA",US,1.0,0.0,0.0
2020-03-11 00:00:00,"Spokane County, WA",US,1.0,0.0,0.0
2020-03-12 00:00:00,"Spokane County, WA",US,1.0,0.0,0.0
2020-03-13 00:00:00,"Spokane County, WA",US,1.0,0.0,0.0
2020-03-14 00:00:00,"Spokane County, WA",US,1.0,0.0,0.0
2020-03-15 00:00:00,"Spokane County, WA",US,1.0,0.0,0.0
2020-03-16 00:00:00,"Spokane County, WA",US,1.0,0.0,0.0
2020-03-10 00:00:00,"St. Louis County, MO",US,1.0,0.0,0.0
2020-03-11 00:00:00,"St. Louis County, MO",US,1.0,0.0,0.0
2020-03-12 00:00:00,"St. Louis County, MO",US,1.0,0.0,0.0
2020-03-13 00:00:00,"St. Louis County, MO",US,1.0,0.0,0.0
2020-03-14 00:00:00,"St. Louis County, MO",US,1.0,0.0,0.0
2020-03-15 00:00:00,"St. Louis County, MO",US,1.0,0.0,0.0
2020-03-16 00:00:00,"St. Louis County, MO",US,1.0,0.0,0.0
2020-03-10 00:00:00,"Suffolk County, NY",US,1.0,0.0,0.0
2020-03-11 00:00:00,"Suffolk County, NY",US,1.0,0.0,0.0
2020-03-12 00:00:00,"Suffolk County, NY",US,1.0,0.0,0.0
2020-03-13 00:00:00,"Suffolk County, NY",US,1.0,0.0,0.0
2020-03-14 00:00:00,"Suffolk County, NY",US,1.0,0.0,0.0
2020-03-15 00:00:00,"Suffolk County, NY",US,1.0,0.0,0.0
2020-03-16 00:00:00,"Suffolk County, NY",US,1.0,0.0,0.0
2020-03-10 00:00:00,"Ulster County, NY",US,1.0,0.0,0.0
2020-03-11 00:00:00,"Ulster County, NY",US,1.0,0.0,0.0
2020-03-12 00:00:00,"Ulster County, NY",US,1.0,0.0,0.0
2020-03-13 00:00:00,"Ulster County, NY",US,1.0,0.0,0.0
2020-03-14 00:00:00,"Ulster County, NY",US,1.0,0.0,0.0
2020-03-15 00:00:00,"Ulster County, NY",US,1.0,0.0,0.0
2020-03-16 00:00:00,"Ulster County, NY",US,1.0,0.0,0.0
2020-03-10 00:00:00,"Unknown Location, MA",US,1.0,0.0,0.0
2020-03-11 00:00:00,"Unknown Location, MA",US,1.0,0.0,0.0
2020-03-12 00:00:00,"Unknown Location, MA",US,1.0,0.0,0.0
2020-03-13 00:00:00,"Unknown Location, MA",US,1.0,0.0,0.0
2020-03-14 00:00:00,"Unknown Location, MA",US,1.0,0.0,0.0
2020-03-15 00:00:00,"Unknown Location, MA",US,1.0,0.0,0.0
2020-03-16 00:00:00,"Unknown Location, MA",US,1.0,0.0,0.0
2020-03-10 00:00:00,"Volusia County, FL",US,1.0,0.0,0.0
2020-03-11 00:00:00,"Volusia County, FL",US,1.0,0.0,0.0
2020-03-12 00:00:00,"Volusia County, FL",US,1.0,0.0,0.0
2020-03-13 00:00:00,"Volusia County, FL",US,1.0,0.0,0.0
2020-03-14 00:00:00,"Volusia County, FL",US,1.0,0.0,0.0
2020-03-15 00:00:00,"Volusia County, FL",US,1.0,0.0,0.0
2020-03-16 00:00:00,"Volusia County, FL",US,1.0,0.0,0.0
2020-03-10 00:00:00,"Washington, D.C.",US,2.0,0.0,0.0
2020-03-11 00:00:00,"Washington, D.C.",US,2.0,0.0,0.0
2020-03-12 00:00:00,"Washington, D.C.",US,2.0,0.0,0.0
2020-03-13 00:00:00,"Washington, D.C.",US,2.0,0.0,0.0
2020-03-14 00:00:00,"Washington, D.C.",US,2.0,0.0,0.0
2020-03-15 00:00:00,"Washington, D.C.",US,2.0,0.0,0.0
2020-03-16 00:00:00,"Washington, D.C.",US,2.0,0.0,0.0
2020-03-16 00:00:00,Alaska,US,1.0,0.0,0.0
2020-03-17 00:00:00,Alaska,US,2.0,0.0,0.0
2020-03-18 00:00:00,Alaska,US,2.0,0.0,0.0
2020-03-19 00:00:00,Alaska,US,2.0,0.0,0.0
2020-03-20 00:00:00,Alaska,US,2.0,0.0,0.0
2020-03-21 00:00:00,Alaska,US,3.0,0.0,0.0
2020-03-22 00:00:00,Alaska,US,3.0,0.0,0.0
2020-03-16 00:00:00,Arkansas,US,18.0,0.0,0.0
2020-03-17 00:00:00,Arkansas,US,21.0,0.0,0.0
2020-03-18 00:00:00,Arkansas,US,25.0,0.0,0.0
2020-03-19 00:00:00,Arkansas,US,28.0,0.0,0.0
2020-03-20 00:00:00,Arkansas,US,31.0,0.0,0.0
2020-03-21 00:00:00,Arkansas,US,34.0,0.0,0.0
2020-03-22 00:00:00,Arkansas,US,37.0,0.0,0.0
2020-03-16 00:00:00,Colorado,US,141.0,1.0,0.0
2020-03-17 00:00:00,Colorado,US,163.0,1.0,0.0
2020-03-18 00:00:00,Colorado,US,186.0,2.0,0.0
2020-03-19 00:00:00,Colorado,US,208.0,2.0,0.0
2020-03-20 00:00:00,Colorado,US,231.0,2.0,0.0
2020-03-21 00:00:00,Colorado,US,253.0,2.0,0.0
2020-03-22 00:00:00,Colorado,US,275.0,2.0,0.0
2020-03-16 00:00:00,Connecticut,US,28.0,0.0,0.0
2020-03-17 00:00:00,Connecticut,US,33.0,0.0,0.0
2020-03-18 00:00:00,Connecticut,US,38.0,0.0,0.0
2020-03-19 00:00:00,Connecticut,US,43.0,0.0,0.0
2020-03-20 00:00:00,Connecticut,US,48.0,0.0,0.0
2020-03-21 00:00:00,Connecticut,US,53.0,0.0,0.0
2020-03-22 00:00:00,Connecticut,US,58.0,0.0,0.0
2020-03-16 00:00:00,Delaware,US,8.0,0.0,0.0
2020-03-17 00:00:00,Delaware,US,10.0,0.0,0.0
2020-03-18 00:00:00,Delaware,US,11.0,0.0,0.0
2020-03-19 00:00:00,Delaware,US,13.0,0.0,0.0
2020-03-20 00:00:00,Delaware,US,15.0,0.0,0.0
2020-03-21 00:00:00,Delaware,US,16.0,0.0,0.0
2020-03-22 00:00:00,Delaware,US,18.0,0.0,0.0
2020-03-16 00:00:00,Diamond Princess cruise ship,US,46.0,0.0,0.0
2020-03-17 00:00:00,Diamond Princess cruise ship,US,46.0,0.0,0.0
2020-03-18 00:00:00,Diamond Princess cruise ship,US,46.0,0.0,0.0
2020-03-19 00:00:00,Diamond Princess cruise ship,US,46.0,0.0,0.0
2020-03-20 00:00:00,Diamond Princess cruise ship,US,46.0,0.0,0.0
2020-03-21 00:00:00,Diamond Princess cruise ship,US,46.0,0.0,0.0
2020-03-22 00:00:00,Diamond Princess cruise ship,US,46.0,0.0,0.0
2020-03-16 00:00:00,District of Columbia,US,16.0,0.0,0.0
2020-03-17 00:00:00,District of Columbia,US,17.0,0.0,0.0
2020-03-18 00:00:00,District of Columbia,US,19.0,0.0,0.0
2020-03-19 00:00:00,District of Columbia,US,20.0,0.0,0.0
2020-03-20 00:00:00,District of Columbia,US,22.0,0.0,0.0
2020-03-21 00:00:00,District of Columbia,US,24.0,0.0,0.0
2020-03-22 00:00:00,District of Columbia,US,25.0,0.0,0.0
2020-03-16 00:00:00,Florida,US,119.0,4.0,0.0
2020-03-17 00:00:00,Florida,US,138.0,4.0,0.0
2020-03-18 00:00:00,Florida,US,157.0,5.0,0.0
2020-03-19 00:00:00,Florida,US,176.0,5.0,0.0
2020-03-20 00:00:00,Florida,US,194.0,5.0,0.0
2020-03-21 00:00:00,Florida,US,213.0,6.0,0.0
2020-03-22 00:00:00,Florida,US,232.0,6.0,0.0
2020-03-16 00:00:00,Georgia,US,101.0,1.0,0.0
2020-03-17 00:00:00,Georgia,US,117.0,2.0,0.0
2020-03-18 00:00:00,Georgia,US,133.0,2.0,0.0
2020-03-19 00:00:00,Georgia,US,148.0,2.0,0.0
2020-03-20 00:00:00,Georgia,US,164.0,2.0,0.0
2020-03-21 00:00:00,Georgia,US,180.0,3.0,0.0
2020-03-22 00:00:00,Georgia,US,196.0,3.0,0.0
2020-03-16 00:00:00,Grand Princess,US,21.0,0.0,0.0
2020-03-17 00:00:00,Grand Princess,US,21.0,0.0,0.0
2020-03-18 00:00:00,Grand Princess,US,21.0,0.0,0.0
2020-03-19 00:00:00,Grand Princess,US,21.0,0.0,0.0
2020-03-20 00:00:00,Grand Princess,US,21.0,0.0,0.0
2020-03-21 00:00:00,Grand Princess,US,21.0,0.0,0.0
2020-03-22 00:00:00,Grand Princess,US,21.0,0.0,0.0
2020-03-16 00:00:00,Hawaii,US,6.0,0.0,0.0
2020-03-17 00:00:00,Hawaii,US,6.0,0.0,0.0
2020-03-18 00:00:00,Hawaii,US,7.0,0.0,0.0
2020-03-19 00:00:00,Hawaii,US,8.0,0.0,0.0
2020-03-20 00:00:00,Hawaii,US,9.0,0.0,0.0
2020-03-21 00:00:00,Hawaii,US,9.0,0.0,0.0
2020-03-22 00:00:00,Hawaii,US,10.0,0.0,0.0
2020-03-16 00:00:00,Idaho,US,5.0,0.0,0.0
2020-03-17 00:00:00,Idaho,US,5.0,0.0,0.0
2020-03-18 00:00:00,Idaho,US,6.0,0.0,0.0
2020-03-19 00:00:00,Idaho,US,7.0,0.0,0.0
2020-03-20 00:00:00,Idaho,US,8.0,0.0,0.0
2020-03-21 00:00:00,Idaho,US,9.0,0.0,0.0
2020-03-22 00:00:00,Idaho,US,10.0,0.0,0.0
2020-03-16 00:00:00,Indiana,US,22.0,0.0,0.0
2020-03-17 00:00:00,Indiana,US,24.0,0.0,0.0
2020-03-18 00:00:00,Indiana,US,27.0,0.0,0.0
2020-03-19 00:00:00,Indiana,US,29.0,0.0,0.0
2020-03-20 00:00:00,Indiana,US,31.0,0.0,0.0
2020-03-21 00:00:00,Indiana,US,34.0,0.0,0.0
2020-03-22 00:00:00,Indiana,US,36.0,0.0,0.0
2020-03-16 00:00:00,Iowa,US,21.0,0.0,0.0
2020-03-17 00:00:00,Iowa,US,23.0,0.0,0.0
2020-03-18 00:00:00,Iowa,US,25.0,0.0,0.0
2020-03-19 00:00:00,Iowa,US,27.0,0.0,0.0
2020-03-20 00:00:00,Iowa,US,28.0,0.0,0.0
2020-03-21 00:00:00,Iowa,US,30.0,0.0,0.0
2020-03-22 00:00:00,Iowa,US,32.0,0.0,0.0
2020-03-16 00:00:00,Kansas,US,10.0,1.0,0.0
2020-03-17 00:00:00,Kansas,US,12.0,2.0,0.0
2020-03-18 00:00:00,Kansas,US,13.0,2.0,0.0
2020-03-19 00:00:00,Kansas,US,15.0,2.0,0.0
2020-03-20 00:00:00,Kansas,US,17.0,2.0,0.0
2020-03-21 00:00:00,Kansas,US,19.0,3.0,0.0
2020-03-22 00:00:00,Kansas,US,20.0,3.0,0.0
2020-03-16 00:00:00,Kentucky,US,21.0,0.0,0.0
2020-03-17 00:00:00,Kentucky,US,24.0,0.0,0.0
2020-03-18 00:00:00,Kentucky,US,26.0,0.0,0.0
2020-03-19 00:00:00,Kentucky,US,29.0,0.0,0.0
2020-03-20 00:00:00,Kentucky,US,32.0,0.0,0.0
2020-03-21 00:00:00,Kentucky,US,34.0,0.0,0.0
2020-03-22 00:00:00,Kentucky,US,37.0,0.0,0.0
2020-03-16 00:00:00,Louisiana,US,107.0,2.0,0.0
2020-03-17 00:00:00,Louisiana,US,126.0,2.0,0.0
2020-03-18 00:00:00,Louisiana,US,145.0,3.0,0.0
2020-03-19 00:00:00,Louisiana,US,165.0,3.0,0.0
2020-03-20 00:00:00,Louisiana,US,184.0,3.0,0.0
2020-03-21 00:00:00,Louisiana,US,204.0,4.0,0.0
2020-03-22 00:00:00,Louisiana,US,223.0,4.0,0.0
2020-03-16 00:00:00,Maine,US,10.0,0.0,0.0
2020-03-17 00:00:00,Maine,US,12.0,0.0,0.0
2020-03-18 00:00:00,Maine,US,14.0,0.0,0.0
2020-03-19 00:00:00,Maine,US,16.0,0.0,0.0
2020-03-20 00:00:00,Maine,US,18.0,0.0,0.0
2020-03-21 00:00:00,Maine,US,20.0,0.0,0.0
2020-03-22 00:00:00,Maine,US,22.0,0.0,0.0
2020-03-16 00:00:00,Maryland,US,35.0,0.0,0.0
2020-03-17 00:00:00,Maryland,US,40.0,0.0,0.0
2020-03-18 00:00:00,Maryland,US,45.0,0.0,0.0
2020-03-19 00:00:00,Maryland,US,50.0,0.0,0.0
2020-03-20 00:00:00,Maryland,US,55.0,0.0,0.0
2020-03-21 00:00:00,Maryland,US,60.0,0.0,0.0
2020-03-22 00:00:00,Maryland,US,66.0,0.0,0.0
2020-03-16 00:00:00,Massachusetts,US,170.0,0.0,1.0
2020-03-17 00:00:00,Massachusetts,US,185.0,0.0,1.0
2020-03-18 00:00:00,Massachusetts,US,199.0,0.0,1.0
2020-03-19 00:00:00,Massachusetts,US,214.0,0.0,1.0
2020-03-20 00:00:00,Massachusetts,US,228.0,0.0,1.0
2020-03-21 00:00:00,Massachusetts,US,242.0,0.0,1.0
2020-03-22 00:00:00,Massachusetts,US,257.0,0.0,1.0
2020-03-16 00:00:00,Michigan,US,38.0,0.0,0.0
2020-03-17 00:00:00,Michigan,US,45.0,0.0,0.0
2020-03-18 00:00:00,Michigan,US,52.0,0.0,0.0
2020-03-19 00:00:00,Michigan,US,59.0,0.0,0.0
2020-03-20 00:00:00,Michigan,US,66.0,0.0,0.0
2020-03-21 00:00:00,Michigan,US,73.0,0.0,0.0
2020-03-22 00:00:00,Michigan,US,80.0,0.0,0.0
2020-03-16 00:00:00,Minnesota,US,36.0,0.0,0.0
2020-03-17 00:00:00,Minnesota,US,42.0,0.0,0.0
2020-03-18 00:00:00,Minnesota,US,48.0,0.0,0.0
2020-03-19 00:00:00,Minnesota,US,54.0,0.0,0.0
2020-03-20 00:00:00,Minnesota,US,60.0,0.0,0.0
2020-03-21 00:00:00,Minnesota,US,66.0,0.0,0.0
2020-03-22 00:00:00,Minnesota,US,72.0,0.0,0.0
2020-03-16 00:00:00,Mississippi,US,10.0,0.0,0.0
2020-03-17 00:00:00,Mississippi,US,12.0,0.0,0.0
2020-03-18 00:00:00,Mississippi,US,14.0,0.0,0.0
2020-03-19 00:00:00,Mississippi,US,16.0,0.0,0.0
2020-03-20 00:00:00,Mississippi,US,18.0,0.0,0.0
2020-03-21 00:00:00,Mississippi,US,19.0,0.0,0.0
2020-03-22 00:00:00,Mississippi,US,21.0,0.0,0.0
2020-03-16 00:00:00,Missouri,US,5.0,0.0,0.0
2020-03-17 00:00:00,Missouri,US,6.0,0.0,0.0
2020-03-18 00:00:00,Missouri,US,7.0,0.0,0.0
2020-03-19 00:00:00,Missouri,US,8.0,0.0,0.0
2020-03-20 00:00:00,Missouri,US,9.0,0.0,0.0
2020-03-21 00:00:00,Missouri,US,10.0,0.0,0.0
2020-03-22 00:00:00,Missouri,US,10.0,0.0,0.0
2020-03-16 00:00:00,Montana,US,7.0,0.0,0.0
2020-03-17 00:00:00,Montana,US,9.0,0.0,0.0
2020-03-18 00:00:00,Montana,US,10.0,0.0,0.0
2020-03-19 00:00:00,Montana,US,11.0,0.0,0.0
2020-03-20 00:00:00,Montana,US,13.0,0.0,0.0
2020-03-21 00:00:00,Montana,US,14.0,0.0,0.0
2020-03-22 00:00:00,Montana,US,15.0,0.0,0.0
2020-03-16 00:00:00,Nebraska,US,20.0,0.0,0.0
2020-03-17 00:00:00,Nebraska,US,23.0,0.0,0.0
2020-03-18 00:00:00,Nebraska,US,26.0,0.0,0.0
2020-03-19 00:00:00,Nebraska,US,29.0,0.0,0.0
2020-03-20 00:00:00,Nebraska,US,32.0,0.0,0.0
2020-03-21 00:00:00,Nebraska,US,35.0,0.0,0.0
2020-03-22 00:00:00,Nebraska,US,37.0,0.0,0.0
2020-03-16 00:00:00,Nevada,US,29.0,0.0,0.0
2020-03-17 00:00:00,Nevada,US,33.0,0.0,0.0
2020-03-18 00:00:00,Nevada,US,37.0,0.0,0.0
2020-03-19 00:00:00,Nevada,US,41.0,0.0,0.0
2020-03-20 00:00:00,Nevada,US,46.0,0.0,0.0
2020-03-21 00:00:00,Nevada,US,50.0,0.0,0.0
2020-03-22 00:00:00,Nevada,US,54.0,0.0,0.0
2020-03-16 00:00:00,New Hampshire,US,12.0,0.0,0.0
2020-03-17 00:00:00,New Hampshire,US,13.0,0.0,0.0
2020-03-18 00:00:00,New Hampshire,US,15.0,0.0,0.0
2020-03-19 00:00:00,New Hampshire,US,16.0,0.0,0.0
2020-03-20 00:00:00,New Hampshire,US,18.0,0.0,0.0
2020-03-21 00:00:00,New Hampshire,US,19.0,0.0,0.0
2020-03-22 00:00:00,New Hampshire,US,21.0,0.0,0.0
2020-03-16 00:00:00,New Jersey,US,99.0,2.0,0.0
2020-03-17 00:00:00,New Jersey,US,115.0,2.0,0.0
2020-03-18 00:00:00,New Jersey,US,131.0,2.0,0.0
2020-03-19 00:00:00,New Jersey,US,146.0,2.0,0.0
2020-03-20 00:00:00,New Jersey,US,162.0,2.0,0.0
2020-03-21 00:00:00,New Jersey,US,178.0,2.0,0.0
2020-03-22 00:00:00,New Jersey,US,194.0,3.0,0.0
2020-03-16 00:00:00,New Mexico,US,16.0,0.0,0.0
2020-03-17 00:00:00,New Mexico,US,19.0,0.0,0.0
2020-03-18 00:00:00,New Mexico,US,21.0,0.0,0.0
2020-03-19 00:00:00,New Mexico,US,24.0,0.0,0.0
2020-03-20 00:00:00,New Mexico,US,26.0,0.0,0.0
2020-03-21 00:00:00,New Mexico,US,29.0,0.0,0.0
2020-03-22 00:00:00,New Mexico,US,32.0,0.0,0.0
2020-03-16 00:00:00,New York,US,780.0,3.0,0.0
2020-03-17 00:00:00,New York,US,889.0,4.0,0.0
2020-03-18 00:00:00,New York,US,997.0,4.0,0.0
2020-03-19 00:00:00,New York,US,1106.0,5.0,0.0
2020-03-20 00:00:00,New York,US,1215.0,5.0,0.0
2020-03-21 00:00:00,New York,US,1323.0,6.0,0.0
2020-03-22 00:00:00,New York,US,1432.0,7.0,0.0
2020-03-16 00:00:00,North Carolina,US,35.0,0.0,0.0
2020-03-17 00:00:00,North Carolina,US,41.0,0.0,0.0
2020-03-18 00:00:00,North Carolina,US,46.0,0.0,0.0
2020-03-19 00:00:00,North Carolina,US,51.0,0.0,0.0
2020-03-20 00:00:00,North Carolina,US,56.0,0.0,0.0
2020-03-21 00:00:00,North Carolina,US,62.0,0.0,0.0
2020-03-22 00:00:00,North Carolina,US,67.0,0.0,0.0
2020-03-16 00:00:00,North Dakota,US,1.0,0.0,0.0
2020-03-17 00:00:00,North Dakota,US,2.0,0.0,0.0
2020-03-18 00:00:00,North Dakota,US,2.0,0.0,0.0
2020-03-19 00:00:00,North Dakota,US,2.0,0.0,0.0
2020-03-20 00:00:00,North Dakota,US,2.0,0.0,0.0
2020-03-21 00:00:00,North Dakota,US,3.0,0.0,0.0
2020-03-22 00:00:00,North Dakota,US,3.0,0.0,0.0
2020-03-16 00:00:00,Ohio,US,39.0,0.0,0.0
2020-03-17 00:00:00,Ohio,US,46.0,0.0,0.0
2020-03-18 00:00:00,Ohio,US,53.0,0.0,0.0
2020-03-19 00:00:00,Ohio,US,60.0,0.0,0.0
2020-03-20 00:00:00,Ohio,US,67.0,0.0,0.0
2020-03-21 00:00:00,Ohio,US,74.0,0.0,0.0
2020-03-22 00:00:00,Ohio,US,81.0,0.0,0.0
2020-03-16 00:00:00,Oklahoma,US,6.0,0.0,0.0
2020-03-17 00:00:00,Oklahoma,US,7.0,0.0,0.0
2020-03-18 00:00:00,Oklahoma,US,8.0,0.0,0.0
2020-03-19 00:00:00,Oklahoma,US,9.0,0.0,0.0
2020-03-20 00:00:00,Oklahoma,US,10.0,0.0,0.0
2020-03-21 00:00:00,Oklahoma,US,11.0,0.0,0.0
2020-03-22 00:00:00,Oklahoma,US,12.0,0.0,0.0
2020-03-16 00:00:00,Oregon,US,41.0,1.0,0.0
2020-03-17 00:00:00,Oregon,US,45.0,1.0,0.0
2020-03-18 00:00:00,Oregon,US,50.0,1.0,0.0
2020-03-19 00:00:00,Oregon,US,54.0,1.0,0.0
2020-03-20 00:00:00,Oregon,US,58.0,1.0,0.0
2020-03-21 00:00:00,Oregon,US,62.0,1.0,0.0
2020-03-22 00:00:00,Oregon,US,67.0,2.0,0.0
2020-03-16 00:00:00,Pennsylvania,US,72.0,0.0,0.0
2020-03-17 00:00:00,Pennsylvania,US,83.0,0.0,0.0
2020-03-18 00:00:00,Pennsylvania,US,94.0,0.0,0.0
2020-03-19 00:00:00,Pennsylvania,US,105.0,0.0,0.0
2020-03-20 00:00:00,Pennsylvania,US,116.0,0.0,0.0
2020-03-21 00:00:00,Pennsylvania,US,127.0,0.0,0.0
2020-03-22 00:00:00,Pennsylvania,US,138.0,0.0,0.0
2020-03-16 00:00:00,Rhode Island,US,25.0,0.0,0.0
2020-03-17 00:00:00,Rhode Island,US,29.0,0.0,0.0
2020-03-18 00:00:00,Rhode Island,US,33.0,0.0,0.0
2020-03-19 00:00:00,Rhode Island,US,37.0,0.0,0.0
2020-03-20 00:00:00,Rhode Island,US,41.0,0.0,0.0
2020-03-21 00:00:00,Rhode Island,US,45.0,0.0,0.0
2020-03-22 00:00:00,Rhode Island,US,49.0,0.0,0.0
2020-03-16 00:00:00,South Carolina,US,28.0,0.0,0.0
2020-03-17 00:00:00,South Carolina,US,32.0,0.0,0.0
2020-03-18 00:00:00,South Carolina,US,36.0,0.0,0.0
2020-03-19 00:00:00,South Carolina,US,40.0,0.0,0.0
2020-03-20 00:00:00,South Carolina,US,43.0,0.0,0.0
2020-03-21 00:00:00,South Carolina,US,47.0,0.0,0.0
2020-03-22 00:00:00,South Carolina,US,51.0,0.0,0.0
2020-03-16 00:00:00,South Dakota,US,12.0,1.0,0.0
2020-03-17 00:00:00,South Dakota,US,13.0,1.0,0.0
2020-03-18 00:00:00,South Dakota,US,15.0,2.0,0.0
2020-03-19 00:00:00,South Dakota,US,16.0,2.0,0.0
2020-03-20 00:00:00,South Dakota,US,17.0,2.0,0.0
2020-03-21 00:00:00,South Dakota,US,19.0,2.0,0.0
2020-03-22 00:00:00,South Dakota,US,20.0,2.0,0.0
2020-03-16 00:00:00,Tennessee,US,46.0,0.0,0.0
2020-03-17 00:00:00,Tennessee,US,52.0,0.0,0.0
2020-03-18 00:00:00,Tennessee,US,59.0,0.0,0.0
2020-03-19 00:00:00,Tennessee,US,66.0,0.0,0.0
2020-03-20 00:00:00,Tennessee,US,73.0,0.0,0.0
2020-03-21 00:00:00,Tennessee,US,79.0,0.0,0.0
2020-03-22 00:00:00,Tennessee,US,86.0,0.0,0.0
2020-03-16 00:00:00,Texas,US,81.0,0.0,0.0
2020-03-17 00:00:00,Texas,US,93.0,0.0,0.0
2020-03-18 00:00:00,Texas,US,105.0,0.0,0.0
2020-03-19 00:00:00,Texas,US,117.0,0.0,0.0
2020-03-20 00:00:00,Texas,US,129.0,0.0,0.0
2020-03-21 00:00:00,Texas,US,141.0,0.0,0.0
2020-03-22 00:00:00,Texas,US,153.0,0.0,0.0
2020-03-16 00:00:00,Utah,US,25.0,0.0,0.0
2020-03-17 00:00:00,Utah,US,29.0,0.0,0.0
2020-03-18 00:00:00,Utah,US,34.0,0.0,0.0
2020-03-19 00:00:00,Utah,US,38.0,0.0,0.0
2020-03-20 00:00:00,Utah,US,43.0,0.0,0.0
2020-03-21 00:00:00,Utah,US,47.0,0.0,0.0
2020-03-22 00:00:00,Utah,US,52.0,0.0,0.0
2020-03-16 00:00:00,Vermont,US,8.0,0.0,0.0
2020-03-17 00:00:00,Vermont,US,9.0,0.0,0.0
2020-03-18 00:00:00,Vermont,US,11.0,0.0,0.0
2020-03-19 00:00:00,Vermont,US,12.0,0.0,0.0
2020-03-20 00:00:00,Vermont,US,13.0,0.0,0.0
2020-03-21 00:00:00,Vermont,US,15.0,0.0,0.0
2020-03-22 00:00:00,Vermont,US,16.0,0.0,0.0
2020-03-16 00:00:00,Virginia,US,55.0,1.0,0.0
2020-03-17 00:00:00,Virginia,US,63.0,1.0,0.0
2020-03-18 00:00:00,Virginia,US,72.0,2.0,0.0
2020-03-19 00:00:00,Virginia,US,80.0,2.0,0.0
2020-03-20 00:00:00,Virginia,US,89.0,2.0,0.0
2020-03-21 00:00:00,Virginia,US,97.0,2.0,0.0
2020-03-22 00:00:00,Virginia,US,106.0,2.0,0.0
2020-03-16 00:00:00,West Virginia,US,0.0,0.0,0.0
2020-03-17 00:00:00,West Virginia,US,0.0,0.0,0.0
2020-03-18 00:00:00,West Virginia,US,0.0,0.0,0.0
2020-03-19 00:00:00,West Virginia,US,0.0,0.0,0.0
2020-03-20 00:00:00,West Virginia,US,0.0,0.0,0.0
2020-03-21 00:00:00,West Virginia,US,0.0,0.0,0.0
2020-03-22 00:00:00,West Virginia,US,0.0,0.0,0.0
2020-03-16 00:00:00,Wisconsin,US,38.0,0.0,1.0
2020-03-17 00:00:00,Wisconsin,US,44.0,0.0,1.0
2020-03-18 00:00:00,Wisconsin,US,50.0,0.0,1.0
2020-03-19 00:00:00,Wisconsin,US,56.0,0.0,1.0
2020-03-20 00:00:00,Wisconsin,US,63.0,0.0,1.0
2020-03-21 00:00:00,Wisconsin,US,69.0,0.0,1.0
2020-03-22 00:00:00,Wisconsin,US,75.0,0.0,1.0
2020-03-16 00:00:00,Wyoming,US,3.0,0.0,0.0
2020-03-17 00:00:00,Wyoming,US,4.0,0.0,0.0
2020-03-18 00:00:00,Wyoming,US,4.0,0.0,0.0
2020-03-19 00:00:00,Wyoming,US,5.0,0.0,0.0
2020-03-20 00:00:00,Wyoming,US,6.0,0.0,0.0
2020-03-21 00:00:00,Wyoming,US,6.0,0.0,0.0
2020-03-22 00:00:00,Wyoming,US,7.0,0.0,0.0
2020-03-16 00:00:00,Alabama,US,15.0,0.0,0.0
2020-03-17 00:00:00,Alabama,US,18.0,0.0,0.0
2020-03-18 00:00:00,Alabama,US,22.0,0.0,0.0
2020-03-19 00:00:00,Alabama,US,25.0,0.0,0.0
2020-03-20 00:00:00,Alabama,US,29.0,0.0,0.0
2020-03-21 00:00:00,Alabama,US,32.0,0.0,0.0
2020-03-22 00:00:00,Alabama,US,36.0,0.0,0.0
2020-03-16 00:00:00,Puerto Rico,US,7.0,0.0,0.0
2020-03-17 00:00:00,Puerto Rico,US,9.0,0.0,0.0
2020-03-18 00:00:00,Puerto Rico,US,11.0,0.0,0.0
2020-03-19 00:00:00,Puerto Rico,US,13.0,0.0,0.0
2020-03-20 00:00:00,Puerto Rico,US,15.0,0.0,0.0
2020-03-21 00:00:00,Puerto Rico,US,17.0,0.0,0.0
2020-03-22 00:00:00,Puerto Rico,US,19.0,0.0,0.0
2020-03-16 00:00:00,"Virgin Islands, U.S.",US,1.0,0.0,0.0
2020-03-17 00:00:00,"Virgin Islands, U.S.",US,1.0,0.0,0.0
2020-03-18 00:00:00,"Virgin Islands, U.S.",US,1.0,0.0,0.0
2020-03-19 00:00:00,"Virgin Islands, U.S.",US,1.0,0.0,0.0
2020-03-20 00:00:00,"Virgin Islands, U.S.",US,1.0,0.0,0.0
2020-03-21 00:00:00,"Virgin Islands, U.S.",US,1.0,0.0,0.0
2020-03-22 00:00:00,"Virgin Islands, U.S.",US,1.0,0.0,0.0
